business_name,phone,address,website,rating,review_count,place_id,query_source,date_pulled
Frankies Mobil 1 Lube Express,(713) 253-0432,2107 Richmond Avenue Houston TX 77098,https://frankiesmobil1.com/,,,osm:node:2587439083,osm overpass car_repair in Houston,2026-09-14
Lone Star Chevrolet Collision Center,(281) 517-1800,18900 Northwest Freeway Houston TX 77065,https://www.lonestarchevroletcollisioncenter.com/,,,osm:node:2587803131,osm overpass car_repair in Houston,2026-09-14
Japan Car Care,(281) 444-4708,12818 Veterans Memorial Drive Houston 77014,,,,osm:node:2733059891,osm overpass car_repair in Houston,2026-09-14
My Transmission Experts,(281) 392-5060,21946 Kingsland Boulevard Katy TX 77450,https://www.mytransmissionexperts.com/locations/katy/,,,osm:node:3765777361,osm overpass car_repair in Houston,2026-09-14
Bay Area Body Shop,(281) 474-4711,3110 Bayport Boulevard Seabrook TX 77586,,,,osm:node:4515679033,osm overpass car_repair in Houston,2026-09-14
"All-Star Tire Co., Inc.",(713) 514-0000,619C Broadway Street Houston TX 77012,https://all-startire.com/,,,osm:node:4544454861,osm overpass car_repair in Houston,2026-09-14
Huffman Collision Center,(281) 361-5600,30737 Huffman Cleveland Road Huffman TX 77336,http://huffmancollisioninc.com,,,osm:node:4574465452,osm overpass car_repair in Houston,2026-09-14
CSI Collision,(281) 550-2800,5138 North Highway 6 Houston TX 77084,https://bearcreekcollision.com/,,,osm:node:4618148581,osm overpass car_repair in Houston,2026-09-14
Klein Car Care,(281) 257-6819,18627 Kuykendahl Road Spring TX 77379,http://kleincarcare.com,,,osm:node:4625320896,osm overpass car_repair in Houston,2026-09-14
Crash Champions,(281) 212-5000,Houston,https://crashchampions.com/locations/crash-champions-clear-lake,,,osm:node:5182375330,osm overpass car_repair in Houston,2026-09-14
Allstar Glass Corporation,(281) 575-7575,5138 North Highway 6 Houston TX 77084,https://allstar-glass.com/,,,osm:node:5265450305,osm overpass car_repair in Houston,2026-09-14
Express Oil Change & Tire Engineers,(281) 861-9928,9340 Barker Cypress Road Cypress TX 77433,https://www.expressoil.com/stores/cypress/tx/0085/,,,osm:node:5649897849,osm overpass car_repair in Houston,2026-09-14
Express Oil Change & Tire Engineers,(281) 499-8777,3801 Fm 1092 Road Missouri City TX 77459,https://www.expressoil.com/stores/missouri-city/tx/0084/,,,osm:node:5649897850,osm overpass car_repair in Houston,2026-09-14
Express Oil Change & Tire Engineers,(281) 578-0011,1803 South Mason Road Katy TX 77450,https://www.expressoil.com/stores/katy/tx/0083/,,,osm:node:5649897851,osm overpass car_repair in Houston,2026-09-14
Express Oil Change & Tire Engineers,(281) 469-3287,12807 FM 1960 West Houston TX 77065,https://www.expressoil.com/stores/houston/tx/0082/,,,osm:node:5649897852,osm overpass car_repair in Houston,2026-09-14
Head Rebuilders Inc.,(713) 661-6609,6703 Alder Drive Houston TX 77081,https://headrebuildersinc.com/,,,osm:node:5704116682,osm overpass car_repair in Houston,2026-09-14
Express Oil Change & Tire Engineers,(281) 907-0345,3155 Riley Fuzzel Road Spring TX 77386,https://www.expressoil.com/stores/spring/tx/1021/,,,osm:node:5718694856,osm overpass car_repair in Houston,2026-09-14
Guardado's Tire Shop #2,(281) 583-2066,17611 Kuykendahl Road Spring TX 77379,http://guardadostireshop.com,,,osm:node:5864942648,osm overpass car_repair in Houston,2026-09-14
A&A Auto Glass Discounters & Body Shop,(713) 984-9006,2011 Gessner Road Houston TX 77080,https://autoglassdiscounter.com/,,,osm:node:5868360702,osm overpass car_repair in Houston,2026-09-14
Express Oil Change & Tire Engineers,(281) 316-3348,1315 East League City Parkway League City TX 77573,http://www.autoservicesleaguecity.com,,,osm:node:5918673832,osm overpass car_repair in Houston,2026-09-14
Discount Tire,(281) 427-6775,1700 Decker Drive Baytown TX 77520,,,,osm:node:6173719216,osm overpass car_repair in Houston,2026-09-14
Discount Tire,(281) 571-4083,11310 Barker Cypress Road Cypress TX 77433,,,,osm:node:6186964377,osm overpass car_repair in Houston,2026-09-14
Discount Tire,(713) 977-1292,10700 Westheimer Road Houston TX 77042,,,,osm:node:6244623737,osm overpass car_repair in Houston,2026-09-14
Discount Tire,(281) 580-1381,7325 Cypress Creek Parkway Houston TX 77070,,,,osm:node:6268238640,osm overpass car_repair in Houston,2026-09-14
Discount Tire,(713) 944-4126,3747 South Shaver Street Pasadena TX 77504,,,,osm:node:6299850831,osm overpass car_repair in Houston,2026-09-14
Discount Tire,(713) 472-5903,514 Southmore Avenue Pasadena TX 77502,,,,osm:node:6299868229,osm overpass car_repair in Houston,2026-09-14
Discount Tire,(281) 479-6427,7304 Spencer Highway Pasadena TX 77505,,,,osm:node:6299928987,osm overpass car_repair in Houston,2026-09-14
Discount Tire,(713) 451-9690,11500 East Freeway Houston TX 77029,,,,osm:node:6300489970,osm overpass car_repair in Houston,2026-09-14
Discount Tire,(713) 465-0064,9131 Long Point Road Houston TX 77080,,,,osm:node:6311884214,osm overpass car_repair in Houston,2026-09-14
Discount Tire,(281) 350-2058,23221 Aldine Westfield Road Spring TX 77373,,,,osm:node:6378705272,osm overpass car_repair in Houston,2026-09-14
Professional Auto Care,(713) 270-0474,9916 Honeywell Houston TX 77074,https://professionalautocare.com/,,,osm:node:7073041175,osm overpass car_repair in Houston,2026-09-14
Valvoline,(281) 306-2197,11745 North Grand Parkway East New Caney TX 77357,https://store.vioc.com/tx/newcaney/oil-change-070058.html,,,osm:node:7091781546,osm overpass car_repair in Houston,2026-09-14
Yes! Automotive,(281) 358-9355,24608 TX-494 Loop Porter TX 77365,https://www.mytransmissionexperts.com/locations/kingwood/,,,osm:node:7326826370,osm overpass car_repair in Houston,2026-09-14
Texas Dent Repair,(281) 668-4400,18703 West Little York Road Houston TX,,,,osm:node:7836065464,osm overpass car_repair in Houston,2026-09-14
Blue Diamond Auto Glass,(832) 773-2220,9850 Westpark Drive Houston TX 77063,https://bluediamondautoglass.com/,,,osm:node:8342303690,osm overpass car_repair in Houston,2026-09-14
Able Auto Glass,(713) 383-8055,2311 Naomi Street Houston TX 77054,https://www.ableautoglass.com,,,osm:node:8522169454,osm overpass car_repair in Houston,2026-09-14
Fox Towing and Recovery,(713) 474-3228,14027 Memorial Drive Houston TX 77079,https://foxtowingandrecovery.com/,,,osm:node:8982631501,osm overpass car_repair in Houston,2026-09-14
New Era Auto Repair,(832) 419-6947,Houston,,,,osm:node:9252405048,osm overpass car_repair in Houston,2026-09-14
Foster's Automotive Service,(713) 228-2385,3909 Polk Street Houston TX 77023,https://fostersautomotiveservice.com,,,osm:node:9679505541,osm overpass car_repair in Houston,2026-09-14
Wilson Glass Tint,(713) 726-9172,11436 South Post Oak Road Houston TX 77035,http://www.wilsonglasstint.com,,,osm:node:10089858328,osm overpass car_repair in Houston,2026-09-14
Clifford's Car Care,(281) 952-7114,Houston,,,,osm:node:10571686430,osm overpass car_repair in Houston,2026-09-14
Pedro's Tire Shop,(832) 876-3728,1802 North Main Street Houston TX,,,,osm:node:10652197069,osm overpass car_repair in Houston,2026-09-14
Yes! Automotive,(281) 801-8010,3443 FM 2920 Spring TX 77388,https://www.yesautomotiveservices.com/,,,osm:node:11009761322,osm overpass car_repair in Houston,2026-09-14
Veteran's Auto Center,(281) 580-1565,11239 Veterans Memorial Dr Houston TX 77067,https://veteransautorepairtx.com,,,osm:node:11274975539,osm overpass car_repair in Houston,2026-09-14
Benjamin's Automotive,(281) 291-9823,2830 East NASA Parkway Seabrook TX 77586,https://benjaminsautomotive.com,,,osm:node:11375239406,osm overpass car_repair in Houston,2026-09-14
Firestone Complete Auto Care,(713) 401-3948,13714 East Freeway Houston 77015,,,,osm:node:11383121169,osm overpass car_repair in Houston,2026-09-14
Tullos Collision,(281) 399-3903,Houston,,,,osm:node:11699239650,osm overpass car_repair in Houston,2026-09-14
Executive Automotive Service & Transmission,(281) 689-8149,Houston,,,,osm:node:11699244183,osm overpass car_repair in Houston,2026-09-14
NTB-National Tire & Battery,(281) 214-9310,11041 East Freeway Houston 77029,https://www.mavis.com/locations/houston-east-fwy-tx/,,,osm:node:12413960201,osm overpass car_repair in Houston,2026-09-14
Firestone,(281) 201-0725,3815 State Highway 6 South Sugar Land TX 77478,https://www.firestonecompleteautocare.com/texas/sugar-land/3815-hwy-6/,,,osm:node:12525168174,osm overpass car_repair in Houston,2026-09-14
Specialized Truck and Auto,(281) 883-8362,15520 Lee Rd Humble TX 77396,https://specializedtruckandauto.com/,,,osm:node:12551345215,osm overpass car_repair in Houston,2026-09-14
Kwik n Kleen,(281) 489-3810,7520 Russell Street Houston 77578,,,,osm:node:12900324901,osm overpass car_repair in Houston,2026-09-14
Circle D Transmission,(713) 895-7019,13706 Hempstead Road Houston TX 77040,https://circledtrans.com/,,,osm:node:13188919074,osm overpass car_repair in Houston,2026-09-14
Wilo's collision,(832) 646-0828,23340 FM 1314 Porter TX 77365-4745,,,,osm:node:13507210443,osm overpass car_repair in Houston,2026-09-14
Christian Brothers Automotive Spring,(281) 528-1861,2655 Rayford Road Spring TX 77386,,,,osm:node:13525580893,osm overpass car_repair in Houston,2026-09-14
Harris Window Tinting,(832) 429-5390,2676 Center Street Deer Park TX 77536,https://www.harriswindowtinting.com/,,,osm:node:13545051686,osm overpass car_repair in Houston,2026-09-14
Tintn,(832) 632-8493,2809 Calder Drive League City TX 77573,https://windowtintn.com/,,,osm:node:13595571139,osm overpass car_repair in Houston,2026-09-14
Cars and Coffee Garage,(713) 635-9959,Houston,https://carsandcoffeegarage.com/,,,osm:node:13618520441,osm overpass car_repair in Houston,2026-09-14
Mcs Automotive,(281) 217-6306,6529 Cunningham Road Houston TX 77041,,,,osm:node:13625342237,osm overpass car_repair in Houston,2026-09-14
Hinds and Hinds Services,(346) 420-8714,11430 Bissonnet Street Houston TX 77099-1992,https://dandmqualitygraphics.wixsite.com/auto,,,osm:node:13634850700,osm overpass car_repair in Houston,2026-09-14
The Wrap Empire,(979) 398-4958,4709 Highway 36 South Rosenberg TX 77471,https://thewrapempire.com/,,,osm:node:13647320664,osm overpass car_repair in Houston,2026-09-14
AutoTint Houston,(346) 552-4836,99D Isaacks Road Humble TX 77338,https://autotinthouston713.com/,,,osm:node:13648333394,osm overpass car_repair in Houston,2026-09-14
Galaxy Drive Garage,(832) 557-6388,18004 State Highway 3 Webster TX 77598,https://www.galaxydrivegaragetx.com/,,,osm:node:13664581963,osm overpass car_repair in Houston,2026-09-14
A Plus Transmission Specialists,(281) 202-0023,27857 Southwest Freeway Rosenberg TX 77471,https://aplustransmissions.com/locations/houston/rosenberg/,,,osm:node:13681785362,osm overpass car_repair in Houston,2026-09-14
Braga Truck Center,(346) 500-8083,12521 Green River Drive Houston TX 77044,,,,osm:node:13720721866,osm overpass car_repair in Houston,2026-09-14
Atlas Auto Glass,(713) 520-0726,11033 Tower Oaks Boulevard Houston TX 77065,https://atlasautoglass.com,,,osm:node:13727312764,osm overpass car_repair in Houston,2026-09-14
Atlas Auto Glass,(713) 640-1844,8070 Moline Street Houston TX 77087-4601,https://atlasautoglass.com,,,osm:node:13727422208,osm overpass car_repair in Houston,2026-09-14
Atlas Auto Glass,(713) 520-1844,505 Fairview Street Houston TX 77006-2901,https://atlasautoglass.com,,,osm:node:13727426457,osm overpass car_repair in Houston,2026-09-14
Atlas Auto Glass,(713) 658-1754,1712 West Dallas Street Houston TX 77019-4582,https://atlasautoglass.com,,,osm:node:13727944706,osm overpass car_repair in Houston,2026-09-14
One Stop Auto Services,(281) 564-3333,9545 B Hwy 6 S Houston TX 77083,https://1stopas.com,,,osm:node:13800983069,osm overpass car_repair in Houston,2026-09-14
Sun Auto Service,(281) 852-3677,7625 FM 1960 Humble TX 77346,https://www.sunautoservice.com/locations/tx/humble/auto-repair-7625-fm-1960-rd,,,osm:node:13812480200,osm overpass car_repair in Houston,2026-09-14
Mechanic Electric Latin Shop,(832) 997-8893,9525 Boone Road Houston TX 77099-2059,,,,osm:node:13832141209,osm overpass car_repair in Houston,2026-09-14
Jay The Wrap Specialist,(346) 245-4998,10555 Synott Road Sugar Land TX 77498,https://jaythewrapspecialist.com/,,,osm:node:13859694721,osm overpass car_repair in Houston,2026-09-14
Advanced Tech Automotive,(281) 446-4400,Houston,,,,osm:node:13897458979,osm overpass car_repair in Houston,2026-09-14
Northside Auto Glass,(281) 540-9000,Houston,,,,osm:node:13897458981,osm overpass car_repair in Houston,2026-09-14
Super Tires,(832) 283-3744,Houston,,,,osm:node:13897508539,osm overpass car_repair in Houston,2026-09-14
World Wide Tires,(713) 921-3111,3351 Rauch Street Houston TX 77029,https://www.rushenterprises.com/world-wide-tires,,,osm:node:14022768150,osm overpass car_repair in Houston,2026-09-14
Sugarland Car Care,(713) 391-6552,1210 Eldridge Road Sugar Land TX 77478-2816,https://www.locksmith-sugar-land.com/,,,osm:node:14075596767,osm overpass car_repair in Houston,2026-09-14
Dee's Tire & Auto,(281) 494-3337,1723 Eldridge Road Sugar Land TX 77478-2568,,,,osm:node:14075603423,osm overpass car_repair in Houston,2026-09-14
Instaclear Customs,(346) 677-0182,1146 Sheffield Boulevard Houston TX 77015-5629,,,,osm:node:14145020970,osm overpass car_repair in Houston,2026-09-14
Five Star Automotive & Collision,(346) 205-5525,2121 Brittmoore Road Houston TX 77043,https://www.myfivestarauto.com,,,osm:node:14145032963,osm overpass car_repair in Houston,2026-09-14
Instaclear Customs,(832) 428-9307,6638 Ledbetter Street Houston TX 77087-6420,,,,osm:node:14145041291,osm overpass car_repair in Houston,2026-09-14
Walmart Auto Care Center,(281) 479-9362,Houston,,,,osm:node:14174295694,osm overpass car_repair in Houston,2026-09-14
Discount Tire,(713) 946-8683,9014 Gulf Freeway Houston TX 77017,,,,osm:way:45543036,osm overpass car_repair in Houston,2026-09-14
Discount Tire,(713) 910-3873,10250 Almeda-Genoa Road Houston TX 77075,,,,osm:way:46676689,osm overpass car_repair in Houston,2026-09-14
America's Xtreme Auto,(832) 553-0010,7200 Gulf Freeway Houston TX 77017,https://www.axautostx.com/,,,osm:way:46911600,osm overpass car_repair in Houston,2026-09-14
Jiffy Lube,(713) 789-8434,9666 Westheimer Road Houston TX 77063,https://www.jiffylube.com/locations/tx/houston/1682,,,osm:way:50424507,osm overpass car_repair in Houston,2026-09-14
Discount Tire,(936) 321-6351,18361 Interstate 45 South Shenandoah TX 77385,,,,osm:way:121502610,osm overpass car_repair in Houston,2026-09-14
Discount Tire,(713) 939-1826,13494 Northwest Freeway Houston TX 77040,,,,osm:way:130655747,osm overpass car_repair in Houston,2026-09-14
Discount Tire,(281) 498-8221,11950 Southwest Freeway Meadows Place TX 77477,,,,osm:way:155989656,osm overpass car_repair in Houston,2026-09-14
Discount Tire,(281) 839-1100,5219 Garth Road Baytown TX 77521,,,,osm:way:261792908,osm overpass car_repair in Houston,2026-09-14
Kwik Kar Lube & Tune,(713) 869-9008,2710 Washington Avenue Houston TX 77007,http://kwikkarofhouston.com/,,,osm:way:312638529,osm overpass car_repair in Houston,2026-09-14
Discount Tire,(281) 812-0592,7424 FM 1960 East;Farm to Market 1960 East Humble TX 77346,,,,osm:way:317469413,osm overpass car_repair in Houston,2026-09-14
Taylor Tire And Automotive,(281) 353-5446,1136 Spring Cypress Road Spring TX 77373,https://www.taylortireandauto.com,,,osm:way:317921315,osm overpass car_repair in Houston,2026-09-14
Rapid Auto Towing & Tires,(954) 638-1439,1024 Spring Cypress Road Spring TX 77373,,,,osm:way:317921321,osm overpass car_repair in Houston,2026-09-14
Discount Tire,(713) 697-9319,4950 North Freeway Houston TX 77022,,,,osm:way:318064392,osm overpass car_repair in Houston,2026-09-14
A&A Auto Repair,(713) 692-2356,10111 Bauman Road Houston TX 77076,,,,osm:way:318093797,osm overpass car_repair in Houston,2026-09-14
Discount Tire,(281) 260-0982,10727 North Freeway Houston TX 77037,,,,osm:way:318313968,osm overpass car_repair in Houston,2026-09-14
Discount Tire,(713) 861-9747,1902 East T C Jester Boulevard Houston TX 77008,,,,osm:way:371611875,osm overpass car_repair in Houston,2026-09-14
Discount Tire,(713) 432-0014,9402 Stella Link Road Houston TX 77025,,,,osm:way:378145849,osm overpass car_repair in Houston,2026-09-14
CarTalk Repair,(832) 925-8353,5211 Spruce Street Bellaire TX 77401,http://www.cartalkrepair.com,,,osm:way:379464624,osm overpass car_repair in Houston,2026-09-14
West Lake Houston Automotive,(281) 975-4068,3221 West Lake Houston Parkway Kingwood TX 77339,https://www.westlakehoustonautomotive.com/,,,osm:way:385657102,osm overpass car_repair in Houston,2026-09-14
Crash Champions,(281) 675-8000,Houston,https://crashchampions.com/locations/crash-champions-katy,,,osm:way:388388993,osm overpass car_repair in Houston,2026-09-14
Discount Tire,(281) 398-8295,21825 Katy Freeway Katy TX 77450,,,,osm:way:388932379,osm overpass car_repair in Houston,2026-09-14
Meyerland Collision,(713) 729-2400,10532 South Post Oak Road Houston TX 77035,https://meyerlandcollision.com,,,osm:way:396536316,osm overpass car_repair in Houston,2026-09-14
Discount Tire,(713) 668-7899,2990 South Loop West Houston TX 77054,,,,osm:way:396566195,osm overpass car_repair in Houston,2026-09-14
Discount Tire,(281) 558-0591,11512 Katy Freeway Frontage Road Houston TX 77043,,,,osm:way:417769493,osm overpass car_repair in Houston,2026-09-14
National Tire and Battery,(281) 601-4008,22180 Farris Green Road Porter TX 77365,https://www.ntb.com/store/tx/porter/22180-farris-green-rd-77365/4505,,,osm:way:426000974,osm overpass car_repair in Houston,2026-09-14
Brake and Tire Check,(281) 362-0644,4129 State Highway 6 South Sugar Land TX 77479,,,,osm:way:427273481,osm overpass car_repair in Houston,2026-09-14
Discount Tire,(281) 565-2005,4507 State Highway 6 South Sugar Land TX 77478,,,,osm:way:427273498,osm overpass car_repair in Houston,2026-09-14
Ryan Automotive Glass & Collision Center Inc,(713) 552-3602,716 Fairview Street Houston TX 77006,https://ryanautoglass.com,,,osm:way:428095784,osm overpass car_repair in Houston,2026-09-14
Discount Tire,(281) 540-1803,20130 Eastex Freeway Humble TX 77338,,,,osm:way:428829802,osm overpass car_repair in Houston,2026-09-14
1463 Auto Repair LLC,(281) 574-3436,1260 FM 1463 Katy TX 77494,,,,osm:way:480968726,osm overpass car_repair in Houston,2026-09-14
Discount Tire,(281) 412-6070,2832 East Broadway Street Pearland TX 77581,,,,osm:way:520267804,osm overpass car_repair in Houston,2026-09-14
Snider Transmission,(281) 485-0430,4010 West Broadway Street Pearland TX 77581,https://snidertransmissionpearlandtx.com/,,,osm:way:520280246,osm overpass car_repair in Houston,2026-09-14
Kwik Kar Lube,(281) 534-2271,551 FM 517 W Dickinson TX 77539,https://kwikkaronline.com/,,,osm:way:520366458,osm overpass car_repair in Houston,2026-09-14
My Transmission Experts,(281) 550-2249,5608 North Highway 6 Houston TX 77084,https://www.mytransmissionexperts.com/locations/bear-creek-copperfield/,,,osm:way:520598674,osm overpass car_repair in Houston,2026-09-14
Discount Tire,(281) 859-6151,4511 North Highway 6 Houston TX 77084,,,,osm:way:520598915,osm overpass car_repair in Houston,2026-09-14
Valvoline,(281) 290-8200,1140 West Main Street Tomball TX 77375,https://store.vioc.com/tx/tomball/oil-change-070086.html,,,osm:way:521298471,osm overpass car_repair in Houston,2026-09-14
Classic Collision,(832) 484-8888,1603 Hicks Street Tomball TX 77375,https://classiccollision.com/locations/classic-collision-tomball,,,osm:way:521298606,osm overpass car_repair in Houston,2026-09-14
Chase's Collision Repair,(281) 353-2470,5904 Spring Stuebner Road Spring TX 77389,,,,osm:way:521352622,osm overpass car_repair in Houston,2026-09-14
Firestone,(281) 374-4708,6024 FM 2920 Spring TX 77379,https://local.firestonecompleteautocare.com/texas/spring/6024-farm-to-market-2920,,,osm:way:521352671,osm overpass car_repair in Houston,2026-09-14
Pep Boys,(281) 859-8999,6900 North Highway 6 Houston TX 77084,https://www.pepboys.com/stores/tx/houston/6900-hwy-6-north?Cid=gbp_appt_AN:PB%7CPB:G%7CTT:GBP%7CCG:CONVERSION%7CCD:SERVICE,,,osm:way:521634519,osm overpass car_repair in Houston,2026-09-14
Discount Tire,(281) 345-4600,6602 North Highway 6 Houston TX 77084,,,,osm:way:521634525,osm overpass car_repair in Houston,2026-09-14
Discount Tire,(281) 320-2770,6510 FM 2920 Spring TX 77379,,,,osm:way:568602114,osm overpass car_repair in Houston,2026-09-14
Discount Tire,(281) 554-7093,117 North Gulf Freeway League City TX 77573,,,,osm:way:580545426,osm overpass car_repair in Houston,2026-09-14
Discount Tire,(281) 232-3283,5757 West Grand Parkway South Richmond TX 77407,,,,osm:way:608469070,osm overpass car_repair in Houston,2026-09-14
Discount Tire,(713) 436-6045,10331 West Broadway Street Pearland TX 77584,,,,osm:way:630062559,osm overpass car_repair in Houston,2026-09-14
Discount Tire,(281) 993-5225,1555 South Friendswood Drive Friendswood TX 77546,,,,osm:way:666367768,osm overpass car_repair in Houston,2026-09-14
Discount Tire,(281) 392-5444,24202 Cinco Ranch Boulevard Katy TX 77494,https://www.discounttire.com,,,osm:way:667219555,osm overpass car_repair in Houston,2026-09-14
Discount Tire,(281) 574-3878,25214 Market Place Drive Katy TX 77494,,,,osm:way:667220458,osm overpass car_repair in Houston,2026-09-14
Discount Tire,(281) 500-7875,5818 North Fry Road Katy TX 77449,,,,osm:way:667221461,osm overpass car_repair in Houston,2026-09-14
Discount Tire,(281) 476-9524,8902 Spencer Highway La Porte TX 77571,https://www.discounttire.com/store/tx/la-porte/s/1601,,,osm:way:667235756,osm overpass car_repair in Houston,2026-09-14
Discount Tire,(281) 848-1492,1655 Texas Parkway Missouri City TX 77489,,,,osm:way:669049939,osm overpass car_repair in Houston,2026-09-14
Discount Tire,(281) 778-5366,9440 Alvin Sugarland Road Missouri City TX 77459,,,,osm:way:669050062,osm overpass car_repair in Houston,2026-09-14
American Engines,(713) 697-8232,5624 Airline Drive Houston TX,,,,osm:way:669110738,osm overpass car_repair in Houston,2026-09-14
Granado's Tire Shop,(832) 804-7096,6030 Airline Drive Houston,,,,osm:way:670983987,osm overpass car_repair in Houston,2026-09-14
Sapon Motors,(713) 742-5200,1201 Crosstimbers Street Houston TX,,,,osm:way:671287969,osm overpass car_repair in Houston,2026-09-14
Meineke Car Care Center,(281) 377-3371,4448 Cypress Creek Parkway Houston TX 77068,https://www.meineke.com/locations/tx/houston-4327/,,,osm:way:671979731,osm overpass car_repair in Houston,2026-09-14
Oilspot,(281) 587-1611,4303 Cypress Creek Parkway Houston TX 77068,,,,osm:way:671979758,osm overpass car_repair in Houston,2026-09-14
Take 5 Oil Change,(832) 263-8116,4081 Cypress Creek Parkway Houston TX 77068,https://www.take5oilchange.com/locations/tx/houston-640/,,,osm:way:671985492,osm overpass car_repair in Houston,2026-09-14
Discount Tire,(281) 590-1211,12211 Eastex Freeway Houston TX 77039,,,,osm:way:673666566,osm overpass car_repair in Houston,2026-09-14
Discount Tire,(281) 920-3669,13205 Briar Forest Drive Houston TX 77077,,,,osm:way:673667263,osm overpass car_repair in Houston,2026-09-14
Discount Tire,(281) 568-0063,14300 Bellaire Boulevard Houston TX 77083,,,,osm:way:673674337,osm overpass car_repair in Houston,2026-09-14
Discount Tire,(281) 443-2288,16004 North Freeway Houston TX 77090,,,,osm:way:673675650,osm overpass car_repair in Houston,2026-09-14
Discount Tire,(281) 558-4406,2300 South Highway 6 Houston TX 77077,,,,osm:way:673724849,osm overpass car_repair in Houston,2026-09-14
Discount Tire,(713) 529-4865,2927 Southwest Freeway Houston TX 77098,,,,osm:way:673726817,osm overpass car_repair in Houston,2026-09-14
Discount Tire,(713) 683-6618,5111 Antoine Drive Houston TX 77092,,,,osm:way:673771015,osm overpass car_repair in Houston,2026-09-14
Discount Tire,(281) 457-2044,5740 East Sam Houston Parkway North Houston TX 77015,,,,osm:way:673994180,osm overpass car_repair in Houston,2026-09-14
Discount Tire,(713) 270-5001,7931 Southwest Freeway Frontage Road Houston TX 77074,,,,osm:way:673994573,osm overpass car_repair in Houston,2026-09-14
Discount Tire,(713) 779-7243,8598 West Bellfort Street Houston TX 77071,,,,osm:way:673996470,osm overpass car_repair in Houston,2026-09-14
Discount Tire,(281) 890-1373,9415 FM 1960 West Houston TX 77070,,,,osm:way:674291057,osm overpass car_repair in Houston,2026-09-14
Discount Tire,(281) 807-4044,9550 Jones Road Houston TX 77065,,,,osm:way:674291590,osm overpass car_repair in Houston,2026-09-14
Discount Tire,(281) 232-9906,27950 Southwest Freeway Rosenberg TX 77471,,,,osm:way:676446007,osm overpass car_repair in Houston,2026-09-14
Discount Tire,(281) 257-9555,4918 Louetta Road Spring TX 77379,,,,osm:way:681164308,osm overpass car_repair in Houston,2026-09-14
Discount Tire,(281) 565-0496,10205 Highway 6 South Sugar Land TX 77498,,,,osm:way:681165866,osm overpass car_repair in Houston,2026-09-14
Discount Tire,(832) 935-6018,7620 Hwy 90A Sugar Land TX 77478,,,,osm:way:681170979,osm overpass car_repair in Houston,2026-09-14
Discount Tire,(409) 986-8284,9650 Emmett F Lowry Expressway Texas City TX 77591,,,,osm:way:683569280,osm overpass car_repair in Houston,2026-09-14
Discount Tire,(281) 367-9875,24915 Interstate 45 North Woodlands TX 77380,,,,osm:way:683570872,osm overpass car_repair in Houston,2026-09-14
Discount Tire,(281) 290-7091,14239 FM 2920 Tomball TX 77377,,,,osm:way:683603690,osm overpass car_repair in Houston,2026-09-14
Discount Tire,(281) 338-2807,707 West Bay Area Boulevard Webster TX 77598,,,,osm:way:683633551,osm overpass car_repair in Houston,2026-09-14
Auto Service Express,(713) 742-0894,10103 Bauman Road Houston TX,,,,osm:way:685024590,osm overpass car_repair in Houston,2026-09-14
Express Oil Change & Tire Engineers,(281) 528-8878,2144 FM 2920 Spring TX 77388,https://www.expressoil.com/stores/spring/tx/1020/,,,osm:way:707043800,osm overpass car_repair in Houston,2026-09-14
Brake Check,(281) 528-6554,5913 FM 2920 Spring TX 77388,https://brakecheck.com/spring-fm-2920-rd-kuykendahl-rd-550,,,osm:way:707043816,osm overpass car_repair in Houston,2026-09-14
National Tire and Battery,(281) 402-9416,6015 FM 2920 Spring TX 77379,https://www.ntb.com/store/tx/spring/6015-fm-2920-rd-77379/4513,,,osm:way:707043834,osm overpass car_repair in Houston,2026-09-14
Crash Champions,(281) 350-4200,23530 North Freeway Spring TX 77373,https://crashchampions.com/locations/crash-champions-spring,,,osm:way:707274037,osm overpass car_repair in Houston,2026-09-14
Fulshear Tire & Automotive,(281) 392-5552,2945 FM 1463 Katy TX 77494,,,,osm:way:725881149,osm overpass car_repair in Houston,2026-09-14
Christian Brothers Automotive,(281) 502-8964,27210 Northwest Freeway Cypress TX 77433,,,,osm:way:740010548,osm overpass car_repair in Houston,2026-09-14
Express Oil Change & Tire Engineers,(346) 301-5899,22723 Morton Ranch Road Katy TX 77449,https://www.expressoil.com/stores/katy/tx/1024/,,,osm:way:748668384,osm overpass car_repair in Houston,2026-09-14
Auto Check,(281) 497-7700,13423 Briar Forest Drive Houston TX 77077,https://autocheck.net/,,,osm:way:834041960,osm overpass car_repair in Houston,2026-09-14
Discount Tire,(281) 256-7250,17326 Spring Cypress Road Cypress TX 77429,,,,osm:way:881458903,osm overpass car_repair in Houston,2026-09-14
Chamo Tire,(713) 981-9430,7634 Clarewood Drive Houston TX 77036,,,,osm:way:910770846,osm overpass car_repair in Houston,2026-09-14
My Transmission Experts,(281) 612-8948,11729 Jones Road Houston TX 77070,https://www.mytransmissionexperts.com/locations/cypress-jones-road/,,,osm:way:910999792,osm overpass car_repair in Houston,2026-09-14
Jia Auto Care,(713) 790-9672,8547 Almeda Road Houston TX 77054,,,,osm:way:917522053,osm overpass car_repair in Houston,2026-09-14
Valvoline Instant Oil Change,(281) 402-3313,9050 Spencer Highway La Porte TX 77571,https://store.vioc.com/tx/laporte/9050-spencer-highway,,,osm:way:929424058,osm overpass car_repair in Houston,2026-09-14
Stavinoha's Tire Shop,(979) 793-6105,10015 FM 361 Fairchilds TX 77469,https://www.stavinohatireshop.com,,,osm:way:936904568,osm overpass car_repair in Houston,2026-09-14
Houston Rebuilt Axles,(832) 280-8489,910 Aldine Mail Route Houston TX 77037,https://www.houstonrebuiltaxles.com,,,osm:way:943429005,osm overpass car_repair in Houston,2026-09-14
Jiffy Lube,(832) 437-7961,4817 FM 1463 Katy TX 77494,https://www.jiffylube.com/,,,osm:way:943985594,osm overpass car_repair in Houston,2026-09-14
Christian Brothers Automotive,(281) 771-0517,7315 North Grand Parkway West Spring TX 77379,https://www.cbac.com/spring-stuebner,,,osm:way:955206152,osm overpass car_repair in Houston,2026-09-14
B&R Tire Shop,(713) 726-9791,11410 South Post Oak Road Houston TX 77035,,,,osm:way:988237627,osm overpass car_repair in Houston,2026-09-14
Discount Tire,(281) 538-9100,405 Marina Bay Drive Clear Lake Shores TX 77565,,,,osm:way:1024422086,osm overpass car_repair in Houston,2026-09-14
Westbury Automotive,(713) 721-6293,Houston,https://westburyautomotive.wordpress.com/,,,osm:way:1060992931,osm overpass car_repair in Houston,2026-09-14
Spring Auto Service,(281) 288-7187,3611 Spring Stuebner Road Spring TX 77389,,,,osm:way:1068693082,osm overpass car_repair in Houston,2026-09-14
Spring Auto Service,(281) 288-7187,3611 Spring Stuebner Road Spring TX 77389,,,,osm:way:1068693083,osm overpass car_repair in Houston,2026-09-14
Texans Auto Works,(713) 668-0458,9200 S Main Street Houston TX 77025,https://www.texanscollision.com/,,,osm:way:1073735304,osm overpass car_repair in Houston,2026-09-14
Malveaux Tires & Alignment,(281) 447-1377,500 Sheldon Road Channelview TX 77530,https://malveauxtirestx.com,,,osm:way:1080209949,osm overpass car_repair in Houston,2026-09-14
Bass & Meineke Complete Auto Care,(713) 473-5543,202 Pasadena Blvd Pasadena TX 77506,,,,osm:way:1080908289,osm overpass car_repair in Houston,2026-09-14
Mavis Tires and Brakes,(281) 638-9674,4951 East Boulevard Deer Park TX 77536,https://www.mavis.com/locations/deer-park-tx/,,,osm:way:1088029733,osm overpass car_repair in Houston,2026-09-14
Premier Transmission Service,(281) 290-0303,1230 Alma Street Tomball TX 77375,,,,osm:way:1091756403,osm overpass car_repair in Houston,2026-09-14
Tomball Diesel and Auto,(281) 255-0444,910 Barbara Street Tomball TX 77375,,,,osm:way:1091756631,osm overpass car_repair in Houston,2026-09-14
Midas,(281) 826-1926,29230 Tomball Parkway Tomball TX 77375,https://www.midas.com/store/tx/tomball/29230-tomball-parkway-77375?shopnum=5141,,,osm:way:1091756697,osm overpass car_repair in Houston,2026-09-14
Meyerland Service Station,(713) 664-7298,5265 Beechnut Street Houston TX 77096,https://www.meyerlandservicestation.com,,,osm:way:1102704676,osm overpass car_repair in Houston,2026-09-14
Care Car Tec,(713) 729-8335,11827 Chimney Rock Road Houston TX 77035,,,,osm:way:1103651212,osm overpass car_repair in Houston,2026-09-14
Gene's Automotive,(281) 353-6661,5911 Spring Stuebner Road Spring TX 77389,https://www.genesautomotive.com,,,osm:way:1117495845,osm overpass car_repair in Houston,2026-09-14
Excessive Racing Engines,(281) 412-7223,1126 North Main Street Pearland TX 77581,,,,osm:way:1125349910,osm overpass car_repair in Houston,2026-09-14
Service King,(281) 547-0481,7323 North Grand Parkway West Spring TX 77379,https://www.serviceking.com/locations/service-king-spring-stuebner,,,osm:way:1167795181,osm overpass car_repair in Houston,2026-09-14
Take 5 Oil Change,(214) 326-0171,6103 FM 2920 Spring TX 77379,https://www.take5.com/locations/oil-change/texas/spring/30432/,,,osm:way:1168577593,osm overpass car_repair in Houston,2026-09-14
Welsh Collision Center,(281) 941-4139,2426 Sens Road La Porte TX 77571,,,,osm:way:1176643818,osm overpass car_repair in Houston,2026-09-14
Complete Auto Repair,(832) 764-0607,4120 Spring Stuebner Road Spring TX 77389,https://sites.google.com/view/completeautorepair/home,,,osm:way:1193277925,osm overpass car_repair in Houston,2026-09-14
SunAuto Tire & Service,(346) 372-7300,5445 FM 2920 Spring TX 77388,https://www.sunautoservice.com/locations/tx/spring/auto-repair-4319.html,,,osm:way:1198026355,osm overpass car_repair in Houston,2026-09-14
Express Oil Change & Tire Engineers,(346) 298-6656,25460 Kuykendahl Road Tomball TX 77375,https://www.expressoil.com/stores/tomball/tx/1023/,,,osm:way:1216574069,osm overpass car_repair in Houston,2026-09-14
Jiffy Lube,(346) 268-2112,18434 West Airport Boulevard Richmond TX 77407,,,,osm:way:1233980868,osm overpass car_repair in Houston,2026-09-14
Spencer Express Auto Care,(281) 479-5347,8109 Spencer Highway Deer Park TX 77536,,,,osm:way:1234148568,osm overpass car_repair in Houston,2026-09-14
Gosling Road Automotive,(281) 353-1816,5807 Paloma Drive Spring TX 77389,,,,osm:way:1243345781,osm overpass car_repair in Houston,2026-09-14
Ken's Auto Repair,(281) 255-6344,30118 State Highway 249 Tomball TX 77375,https://www.kensautorepairtx.com,,,osm:way:1245766453,osm overpass car_repair in Houston,2026-09-14
Advance Muffler Shop and More #2,(936) 297-0339,34608 TX-249 Pinehurst TX 77362,,,,osm:way:1259309414,osm overpass car_repair in Houston,2026-09-14
Precision Tune Auto Care,(832) 843-3486,19421 Kuykendahl Road Spring TX 77379,https://www.precisiontune.com/locations/spring/,,,osm:way:1259468245,osm overpass car_repair in Houston,2026-09-14
Green & White Automotive,(281) 353-7682,1020 Spring Cypress Road Spring TX 77373,https://greenandwhiteauto.com,,,osm:way:1263428979,osm overpass car_repair in Houston,2026-09-14
G&J Detail,(346) 888-6502,7400 C E King Parkway Houston TX 77044,http://gjdetail.com,,,osm:way:1311848267,osm overpass car_repair in Houston,2026-09-14
D&T Firestone,(281) 842-7400,10720 Spencer Highway La Porte TX 77571,,,,osm:way:1314500119,osm overpass car_repair in Houston,2026-09-14
10 Minute Oil Change,(713) 729-3939,12416 Fondren Road Houston TX 77035,,,,osm:way:1326178885,osm overpass car_repair in Houston,2026-09-14
Rember's Auto Collision,(281) 698-5632,1408 West Main Street La Porte TX 77571,https://www.rembersautocollision.com/,,,osm:way:1328663840,osm overpass car_repair in Houston,2026-09-14
Grease Monkey,(346) 331-2939,3535 FM 2920 Spring TX 77388,https://www.greasemonkeyauto.com/locations/us/tx/spring/3535-farm-to-market-2920,,,osm:way:1345413450,osm overpass car_repair in Houston,2026-09-14
Colony One Auto Center,+1 281-800-9209;+1 281-501-7336,1131 Dulles Avenue Stafford TX 77477,https://colonyoneauto.com,,,osm:way:1363869993,osm overpass car_repair in Houston,2026-09-14
Take 5 Oil Change,(850) 303-0431,3651 State Highway 6 South Sugar Land TX 77478,https://www.take5.com/locations/oil-change/texas/sugarland/30434/,,,osm:way:1377969418,osm overpass car_repair in Houston,2026-09-14
Classic Collision,(713) 903-7295,6016 Fairdale Lane Houston TX 77057,https://classiccollision.com/locations/classic-collision-galleria/,,,osm:way:1410746947,osm overpass car_repair in Houston,2026-09-14
Take 5 Oil Change,(432) 248-0859,160 Cypresswood Drive Spring TX 77388,https://www.take5.com/locations/oil-change/texas/spring/30603/,,,osm:way:1411710417,osm overpass car_repair in Houston,2026-09-14
Mueller's Auto Service,(281) 356-8114,28928 Hardin Store Road Magnolia Texas 77354,,,,osm:way:1430127859,osm overpass car_repair in Houston,2026-09-14
Discount Tire,(817) 306-1710,6609 North Beach Street Fort Worth TX 76137,,,,osm:node:601119848,osm overpass car_repair in Dallas,2026-09-14
Ger's Brake Service,(214) 946-7380,Dallas,,,,osm:node:2078416209,osm overpass car_repair in Dallas,2026-09-14
Lute Riley Collision Center,(214) 357-2700,13561 Goldmark Dallas TX 75240,https://www.luterileycollisioncenter.com/,,,osm:node:2587846683,osm overpass car_repair in Dallas,2026-09-14
Smith Offroad and Performance,(972) 302-6742,3201 Skylane Drive Carrollton 75006,https://smithoffroad.com/,,,osm:node:2713861921,osm overpass car_repair in Dallas,2026-09-14
Firestone,(972) 905-4464,6828 Coit Road Plano 75023,,,,osm:node:2980404578,osm overpass car_repair in Dallas,2026-09-14
HOLT Truck Centers Fort Worth,(817) 935-6040,549 W. Loop 820 North. Suite T Fort Worth 76108,http://holttruckcenters.com/locations/fort_worth.aspx,,,osm:node:3079513621,osm overpass car_repair in Dallas,2026-09-14
Latino's Tire Shop,(817) 261-9975,Dallas,,,,osm:node:3149841648,osm overpass car_repair in Dallas,2026-09-14
The Auto Garage,(469) 333-6366,19049 Marsh Lane #101 Dallas TX 75187,,,,osm:node:3429176054,osm overpass car_repair in Dallas,2026-09-14
Discount Tire,(972) 416-5325,1405 South Josey Lane Carrollton TX 75006,https://www.discounttire.com/store/tx/carrollton/s/1189,,,osm:node:3452834688,osm overpass car_repair in Dallas,2026-09-14
Discount Tire,(817) 465-7177,5541 South Cooper Street Arlington TX 76017,,,,osm:node:4320521469,osm overpass car_repair in Dallas,2026-09-14
Mike's Brake & Alignment,(817) 834-2725,3769 North Beach Street Fort Worth TX 76137,http://mikesautospa.com,,,osm:node:4462892903,osm overpass car_repair in Dallas,2026-09-14
Ellington Autoglass,(817) 804-1300,406 Bryan Dr Arlington TX 76011,http://ellingtonautoglass.com,,,osm:node:4574967867,osm overpass car_repair in Dallas,2026-09-14
Walmart Tire & Lube,(469) 362-6317,Dallas,,,,osm:node:4753534557,osm overpass car_repair in Dallas,2026-09-14
Discount Tire,(817) 731-0144,6610 Camp Bowie Boulevard Fort Worth TX 76116,,,,osm:node:4948999423,osm overpass car_repair in Dallas,2026-09-14
Alamo Doors & Gates,(817) 265-2563,300 South Bowen Road Arlington TX 76013,https://www.alamodoor.com,,,osm:node:5217964809,osm overpass car_repair in Dallas,2026-09-14
AMI Auto Glass,(817) 590-0704,1501 West Hurst Blvd Hurst TX 76053,amiautoglass.com,,,osm:node:5400643158,osm overpass car_repair in Dallas,2026-09-14
Brakes Plus,(469) 551-3411,1711 North Greenville Avenue Allen TX 75002,https://www.brakesplus.com,,,osm:node:5649897879,osm overpass car_repair in Dallas,2026-09-14
Brakes Plus,(214) 491-5787,16151 Eldorado Parkway Frisco TX 75035,https://www.brakesplus.com,,,osm:node:5649897880,osm overpass car_repair in Dallas,2026-09-14
Brakes Plus,(469) 888-5043,2201 Fm 423 Little Elm TX 75068,https://www.brakesplus.com,,,osm:node:5649897882,osm overpass car_repair in Dallas,2026-09-14
Brakes Plus,(682) 350-2400,3265 Golden Triangle Boulevard Ft Worth TX 76177,https://www.brakesplus.com,,,osm:node:5649897883,osm overpass car_repair in Dallas,2026-09-14
Brakes Plus,(214) 222-8044,1544 West Main Street Lewisville TX 75067,https://www.brakesplus.com,,,osm:node:5649897885,osm overpass car_repair in Dallas,2026-09-14
Brakes Plus,(972) 412-7075,4902 Rowlett Road Rowlett TX 75088,https://www.brakesplus.com,,,osm:node:5649897887,osm overpass car_repair in Dallas,2026-09-14
Brakes Plus,(972) 492-8025,1961 East Frankford Road Carrollton TX 75007,https://www.brakesplus.com,,,osm:node:5649897888,osm overpass car_repair in Dallas,2026-09-14
Brakes Plus,(972) 519-9777,3304 Coit Road Plano TX 75023,https://www.brakesplus.com,,,osm:node:5649897889,osm overpass car_repair in Dallas,2026-09-14
Express Oil Change & Service Center,(817) 479-4040,9990 Grapevine Highway Hurst TX 76054,https://www.expressoil.com/stores/hurst/tx/1040/,,,osm:node:5718694855,osm overpass car_repair in Dallas,2026-09-14
El Renegado Body Shop,(214) 434-1720,201 North Beckley Avenue Dallas TX 75203,https://www.elrenegadobodyshopllc.com/,,,osm:node:5822106936,osm overpass car_repair in Dallas,2026-09-14
Mccart Tires & Auto Service,(817) 923-4180,2220 W Seminary Dr Fort Worth TX 76115,https://www.mccarttirestx.com/,,,osm:node:5846232964,osm overpass car_repair in Dallas,2026-09-14
Express Oil Change & Tire Engineers,(469) 795-6000,180 South Watters Road Allen TX 75013,https://www.expressoil.com/stores/allen/tx/1030/,,,osm:node:5918673835,osm overpass car_repair in Dallas,2026-09-14
Charlie's Texas 10 Auto Service,(817) 284-4124,Dallas,https://www.charliestexas10autoservice.com/,,,osm:node:5956257833,osm overpass car_repair in Dallas,2026-09-14
North Texas Factory Take-Offs Inc.,(817) 589-8874,Dallas,https://www.northtexasfactorytakeoffs.com/,,,osm:node:5956257834,osm overpass car_repair in Dallas,2026-09-14
Discount Tire,(817) 571-2341,3233 East Harwood Road Bedford TX 76021,,,,osm:node:6174183077,osm overpass car_repair in Dallas,2026-09-14
Afford-It Tires & Wheels,(940) 243-3074,3228 Fort Worth Drive Denton TX 76205,https://www.affordittiresandwheelsdenton.com/,,,osm:node:6207556578,osm overpass car_repair in Dallas,2026-09-14
Kwik Kar,(972) 355-8531,2212 Long Prairie Road Flower Mound TX 75022,https://gokwikkar.com,,,osm:node:6282119129,osm overpass car_repair in Dallas,2026-09-14
Andy's Tire Service,(817) 265-7841,6703 Smallwood Drive Arlington TX 76001,http://andystireservice.com,,,osm:node:6346981385,osm overpass car_repair in Dallas,2026-09-14
JC Junior Tire Shop,(469) 478-1042,3480 E Rosemeade Parkway Dallas,,,,osm:node:6883903285,osm overpass car_repair in Dallas,2026-09-14
Costco Tire Center,(817) 210-0018,5300 Overton Ridge Boulevard Fort Worth TX 76132,https://www.costco.com/warehouse-locations/fort-worth-tx-489.html,,,osm:node:7103807685,osm overpass car_repair in Dallas,2026-09-14
Meineke,(972) 616-4143,2513 Valley View Lane Dallas,https://www.meineke.com/locations/tx/farmers-branch-2827/,,,osm:node:7724638017,osm overpass car_repair in Dallas,2026-09-14
Crash Champions,(972) 407-0275,2309 Midway Rd Dallas,https://crashchampions.com/locations/crash-champions-carrollton,,,osm:node:8240580704,osm overpass car_repair in Dallas,2026-09-14
Old Town Automotive,(972) 245-0615,1005 South Broadway Street Dallas,,,,osm:node:8362782669,osm overpass car_repair in Dallas,2026-09-14
Christian Brothers Automotive,(817) 339-6677,9089 Tehama Ridge Pkwy Fort Worth TX,https://www.cbac.com/north-fort-worth/,,,osm:node:9216678590,osm overpass car_repair in Dallas,2026-09-14
Pep Boys Auto Service & Tires,(817) 237-0440,6500 Lake Worth Boulevard Dallas 76135,https://www.pepboys.com/stores/tx/lake-worth,,,osm:node:9261329285,osm overpass car_repair in Dallas,2026-09-14
Christian Brothers Automotive Valley Ranch,(972) 457-3002,600 Valley Ranch Parkway South Irving TX 75063,,,,osm:node:9357014422,osm overpass car_repair in Dallas,2026-09-14
Driver's Edge,(972) 444-9855,8450 North MacArthur Boulevard Irving TX 75063,https://www.mydriversedge.com/,,,osm:node:9408068260,osm overpass car_repair in Dallas,2026-09-14
Crash Champions,(972) 437-8536,1900 Crown Drive Dallas,https://crashchampions.com/locations/crash-champions-farmers-branch,,,osm:node:9552509832,osm overpass car_repair in Dallas,2026-09-14
Speedy's Auto Repair,(972) 298-4422,1506 South Clark Road Duncanville TX 75137,https://speedysautorepair.com,,,osm:node:9670615053,osm overpass car_repair in Dallas,2026-09-14
DEKRA,(972) 805-8113,9020 Independence Parkway Dallas 75025,https://www.dekra.us/en/texas/plano-9020-independence-pky,,,osm:node:9687059417,osm overpass car_repair in Dallas,2026-09-14
uDentiFix Dent and Hail Repair,(817) 888-7489,1812 Reliance Parkway Bedford TX 76021,https://udentifix.com/,,,osm:node:9702364909,osm overpass car_repair in Dallas,2026-09-14
Dallas Radiator - Muffler Inc.,(214) 761-0724,829 Singleton Blvd Dallas TX 75212,https://dallasradiator.biz,,,osm:node:9719520356,osm overpass car_repair in Dallas,2026-09-14
El Pino Engine Repair & Cylinder Head Shop,(214) 703-5190,3529 W Miller Rd Garland TX 75041,https://elpinoenginerepair.com,,,osm:node:9754071427,osm overpass car_repair in Dallas,2026-09-14
VIP Hail Service,(469) 400-8939,420 Lexington Drive Plano TX 75075,https://viphailservice.com/,,,osm:node:10035450126,osm overpass car_repair in Dallas,2026-09-14
A1 Tires and Wheels,(214) 374-1744,1224 East Ledbetter Drive Dallas TX 75216,https://a1tires-wheels.com,,,osm:node:10081169908,osm overpass car_repair in Dallas,2026-09-14
Top Tier Auto Repair,(945) 223-0687,"2533 Farrington Street, Suite A Dallas TX 75207",https://www.toptierautodallas.com/,,,osm:node:10149139729,osm overpass car_repair in Dallas,2026-09-14
Crash Champions,(817) 498-0124,Dallas,https://crashchampions.com/locations/crash-champions-n-richland-hills,,,osm:node:10557286744,osm overpass car_repair in Dallas,2026-09-14
Rexroad Mobile Auto Repair,(469) 469-4521,15922 Eldorado Parkway Dallas TX 75035,https://www.rexroadauto.com,,,osm:node:10587225877,osm overpass car_repair in Dallas,2026-09-14
Simon Auto Repair,(469) 315-0000,Dallas,,,,osm:node:10650265129,osm overpass car_repair in Dallas,2026-09-14
Eagle Transmission,(972) 695-9645,825 South Mill Street Lewisville TX 75057,https://lewisville.eagletransmission.com/,,,osm:node:10716565021,osm overpass car_repair in Dallas,2026-09-14
Caliber Auto Care,(469) 540-9256,1421 Justin Rd Dallas,,,,osm:node:10891836894,osm overpass car_repair in Dallas,2026-09-14
R&A Auto Repair,(817) 271-0416,5730 Craig Street Dallas,https://randaautorepairtx.com/,,,osm:node:10899480950,osm overpass car_repair in Dallas,2026-09-14
Discount Kar Kare,(972) 221-2223,906 South Mill Street Dallas 75057,,,,osm:node:11172603537,osm overpass car_repair in Dallas,2026-09-14
Innovative Autosports,(972) 418-1996,2323 Tarpley Road Carrollton TX 75006,https://innovativeautosports.com/,,,osm:node:11185942614,osm overpass car_repair in Dallas,2026-09-14
German Drive,(817) 562-5841,10375 Alta Vista Road Fort Worth TX 76244,https://www.germandrive.com/,,,osm:node:11385341690,osm overpass car_repair in Dallas,2026-09-14
Results Paintless Dent Repair,(469) 423-5665,2828 E Trinity Mls Rd Carrollton TX 75006,https://resultspdr.com/,,,osm:node:11873422084,osm overpass car_repair in Dallas,2026-09-14
Parra Car Care,(817) 369-3901,7700 Davis Boulevard North Richland Hills TX 76182,https://parracarcare.com/north-richland-hills/,,,osm:node:11908865926,osm overpass car_repair in Dallas,2026-09-14
Zoom Performance & Body Shop,(214) 677-0008,2100 East Main Street Grand Prairie TX 75050,https://www.zoomperformance.shop,,,osm:node:12055579936,osm overpass car_repair in Dallas,2026-09-14
Stuart's Paint & Body,(214) 221-6999,4420 Tradition Trail Plano TX 75093,https://stuartspaintandbody.com/,,,osm:node:12237306842,osm overpass car_repair in Dallas,2026-09-14
Texas Collision Centers,(469) 214-9161,2501 N Central Expy Plano TX 75075,https://texascollisioncenters.com/,,,osm:node:12298731273,osm overpass car_repair in Dallas,2026-09-14
Texas Collision Centers,(469) 209-6536,3333 W Plano Pkwy Plano TX 75075,https://texascollisioncenters.com/,,,osm:node:12298890801,osm overpass car_repair in Dallas,2026-09-14
Texas Collision Centers,(469) 659-7264,113 Industrial Blvd McKinney TX 75069,https://texascollisioncenters.com/,,,osm:node:12298914973,osm overpass car_repair in Dallas,2026-09-14
Texas Collision Centers,(972) 528-9398,6125 Peeler Street Dallas TX 75235,https://texascollisioncenters.com/,,,osm:node:12298988521,osm overpass car_repair in Dallas,2026-09-14
Texas Collision Centers,(817) 200-4040,1101 N Great SW Pkwy Arlington TX 76011,,,,osm:node:12299051072,osm overpass car_repair in Dallas,2026-09-14
Honcura Car Repair,(972) 399-0455,105 North Story Road Dallas 75061,,,,osm:node:12304871301,osm overpass car_repair in Dallas,2026-09-14
Texas Collision Centers,(469) 521-9100,1875 N Interstate Carrollton TX 75006,https://texascollisioncenters.com/,,,osm:node:12311483753,osm overpass car_repair in Dallas,2026-09-14
Texas Collision Centers,(972) 637-8787,1211 Industrial Way Cedar Hill TX 75104,https://texascollisioncenters.com/,,,osm:node:12311512323,osm overpass car_repair in Dallas,2026-09-14
Texas Collision Centers,(469) 829-2999,1001 Preston Rd Plano TX 75093,https://texascollisioncenters.com/,,,osm:node:12311538224,osm overpass car_repair in Dallas,2026-09-14
Texas Collision Centers,(214) 239-1200,11565 Reeder Rd Dallas TX 75229,https://texascollisioncenters.com/,,,osm:node:12311586691,osm overpass car_repair in Dallas,2026-09-14
K3S Auto Repair,(866) 537-9110,307 North Rogers Road Irving TX 75061,https://www.k3sautorepair.com/,,,osm:node:12531556794,osm overpass car_repair in Dallas,2026-09-14
Oakcliff Tire & Wheel,(214) 948-6006,2550 West Davis Street Dallas TX 75211,https://oakclifftireandwheel.com,,,osm:node:12539211342,osm overpass car_repair in Dallas,2026-09-14
Costco Tire Center,(817) 806-9833,8900 Tehama Ridge Parkway Fort Worth TX 76177,https://www.costco.com/warehouse-locations/n-fort-worth-fort-worth-tx-1173.html,,,osm:node:12554995048,osm overpass car_repair in Dallas,2026-09-14
Costco Tire Center,(817) 210-0018,600 West Arbrook Boulevard Arlington TX 76014-3702,,,,osm:node:12554995049,osm overpass car_repair in Dallas,2026-09-14
Costco Tire Center,(469) 221-8113,250 West Highway 67 Duncanville TX 75137,https://www.costco.com/warehouse-locations/duncanville-tx-636.html,,,osm:node:12554995051,osm overpass car_repair in Dallas,2026-09-14
Costco Tire Center,(817) 749-2809,2601 East State Highway 114 Southlake TX 76092,https://www.costco.com/w/-/tx/southlake/669,,,osm:node:12554995052,osm overpass car_repair in Dallas,2026-09-14
Costco Tire Center,(469) 948-1031,851 East State Highway 121 Lewisville TX 75067,https://www.costco.com/warehouse-locations/lewisville-tx-683.html,,,osm:node:12554995053,osm overpass car_repair in Dallas,2026-09-14
Costco Tire Center,(972) 246-2209,1701 Dallas Parkway Plano TX 75093-4580,https://www.costco.com/warehouse-locations/w-plano-plano-tx-684.html,,,osm:node:12554995055,osm overpass car_repair in Dallas,2026-09-14
Costco Tire Center,(972) 244-0018,3800 Central Expressway Plano TX 75074,https://www.costco.com/warehouse-locations/e-plano-plano-tx-664.html,,,osm:node:12554995057,osm overpass car_repair in Dallas,2026-09-14
Costco Tire Center,(469) 680-7546,8055 Churchill Way Dallas TX 75251,https://www.costco.com/warehouse-locations/dallas-tx-1266.html,,,osm:node:12554995059,osm overpass car_repair in Dallas,2026-09-14
Goodwrench Automotive,(972) 494-9353,701 Shepherd Drive Garland TX,https://goodwrenchautomotive.com,,,osm:node:12560261727,osm overpass car_repair in Dallas,2026-09-14
Kwik Kar Marsh,(469) 892-5987,1049 Marsh Lane Carrollton 75006,,,,osm:node:12610384190,osm overpass car_repair in Dallas,2026-09-14
Kwik Kar Willow Bend,(972) 781-2700,2208 Midway Road Plano 75093,,,,osm:node:12610434299,osm overpass car_repair in Dallas,2026-09-14
Kwik Kar Lube & Tune,(972) 395-7661,4133 Old Denton Road Carrollton 75010,,,,osm:node:12610466409,osm overpass car_repair in Dallas,2026-09-14
Stress-Free Auto Care,(817) 704-0600,301 West Euless Boulevard Euless TX 76040,https://www.stressfree.com/shops/euless,,,osm:node:12715183689,osm overpass car_repair in Dallas,2026-09-14
Stress-Free Auto Care,(817) 764-0202,3201 West Pioneer Parkway Pantego TX 76013,https://www.stressfree.com/,,,osm:node:12715205946,osm overpass car_repair in Dallas,2026-09-14
Walmart Auto Care Center,(682) 831-9338,1228 North US Highway 377 Roanoke TX 76262,https://www.walmart.com/store/5247-roanoke-tx/auto-care-center,,,osm:node:12877739931,osm overpass car_repair in Dallas,2026-09-14
NTB,(325) 274-2808,200 South Watters Road Allen TX 75013,,,,osm:node:12918507882,osm overpass car_repair in Dallas,2026-09-14
Titan Auto Glass,(972) 747-9400,10400 Frisco Street Frisco TX 75034,https://titanautoglass.net/auto-glass-frisco/,,,osm:node:13034358571,osm overpass car_repair in Dallas,2026-09-14
Lone Star Auto Detail Shop,(972) 970-4302,Dallas,,,,osm:node:13046704428,osm overpass car_repair in Dallas,2026-09-14
Lewisville Car Care,(972) 436-8166,Dallas,,,,osm:node:13046720059,osm overpass car_repair in Dallas,2026-09-14
Auto Kar,(972) 554-7799,2100 Carl Road Dallas 75061,,,,osm:node:13083938802,osm overpass car_repair in Dallas,2026-09-14
N. B. Exxon,(972) 234-1762,1702 East Belt Line Road Dallas 75081,http://nb-exxon.com/,,,osm:node:13121723845,osm overpass car_repair in Dallas,2026-09-14
Take 5 Oil Change,(817) 502-3308,9550 White Settlement Road Dallas 76108,http://take5.com,,,osm:node:13191042201,osm overpass car_repair in Dallas,2026-09-14
AutoGlassNow,(817) 246-3001,7940 West Freeway Dallas 76108,http://autoglassnow.com,,,osm:node:13191067401,osm overpass car_repair in Dallas,2026-09-14
Jeffrey's Collision Center,(817) 485-6420,5907 Denton Highway Dallas 76148,,,,osm:node:13230500901,osm overpass car_repair in Dallas,2026-09-14
Northaven Automotive,(214) 750-8850,7931 Northaven Road Dallas,,,,osm:node:13295448655,osm overpass car_repair in Dallas,2026-09-14
Costco Tire Center,(469) 656-4868,1067 State Highway 121 Allen TX 75013,https://www.costco.com/w/-/tx/allen/1739,,,osm:node:13299210269,osm overpass car_repair in Dallas,2026-09-14
Costco Tire Center,(972) 772-1602,1225 State Highway 276 Rockwall TX 75032,https://www.costco.com/warehouse-locations/rockwall-tx-1049.html,,,osm:node:13299210271,osm overpass car_repair in Dallas,2026-09-14
Kincaid's Transmissions & Auto Repair,+1-682-224-3090;+1-682-274-5943,110 Carroll Street Fort Worth TX 76107,,,,osm:node:13333397457,osm overpass car_repair in Dallas,2026-09-14
Moses Auto Service & Repair,(214) 441-3544,1716 North Story Road Dallas 75061,,,,osm:node:13411255701,osm overpass car_repair in Dallas,2026-09-14
NTB,(945) 215-8611,4901 Eldorado Parkway McKinney TX 75070,,,,osm:node:13458750177,osm overpass car_repair in Dallas,2026-09-14
McKinney Oil X-Change,(972) 540-0101,4650 Eldorado Parkway McKinney TX 75070,https://mckinneyoilxchange.com/,,,osm:node:13458750179,osm overpass car_repair in Dallas,2026-09-14
Just Tires,(972) 569-9606,3950 Eldorado Parkway McKinney TX 75070,https://www.justtires.com/en-US/shop/TX/Mckinney/000904135-75070-4232,,,osm:node:13458750191,osm overpass car_repair in Dallas,2026-09-14
Infamous Audio,(469) 855-1667,1616 Range Drive Mesquite TX 75149,,,,osm:node:13522707480,osm overpass car_repair in Dallas,2026-09-14
The Hondew Shop,(972) 437-9520,13664 Floyd Circle Dallas,https://thehondewshop.com,,,osm:node:13524530139,osm overpass car_repair in Dallas,2026-09-14
Antonio's Auto Repair,(972) 219-5425,Dallas,,,,osm:node:13532692364,osm overpass car_repair in Dallas,2026-09-14
Mike's Tire,(972) 956-0433,Dallas,,,,osm:node:13532746301,osm overpass car_repair in Dallas,2026-09-14
Mobile Auto Repair,(469) 767-9119,Dallas,,,,osm:node:13564851361,osm overpass car_repair in Dallas,2026-09-14
High Tech Auto Care,(972) 312-1110,800 East Parker Road Dallas,,,,osm:node:13598144464,osm overpass car_repair in Dallas,2026-09-14
Spring Valley Muffler & Auto Care,(972) 234-4944,707 West Spring Valley Road Dallas,https://springvalleymuffler.com,,,osm:node:13659193840,osm overpass car_repair in Dallas,2026-09-14
Major League IID,(469) 812-8582,5624 Copeville West Road Nevada TX 75173,,,,osm:node:13661453357,osm overpass car_repair in Dallas,2026-09-14
Highlife Audio Fabrication,(469) 466-8060,9959 Royal Lane Dallas TX 75231,,,,osm:node:13787089917,osm overpass car_repair in Dallas,2026-09-14
Costco Tire Center,(469) 728-0051,150 FM 460 Forney TX 75126,https://www.costco.com/w/-/tx/forney/1771,,,osm:node:13820583042,osm overpass car_repair in Dallas,2026-09-14
Tint and Car Audio Concepts,(817) 730-8044,7119 W Vickery Blvd Fort Worth TX 76116,https://tintandcaraudioconcepts.godaddysites.com/,,,osm:node:13937765847,osm overpass car_repair in Dallas,2026-09-14
L&J AUTO SALES & REPAIR,(469) 350-2166,4310 Troy Road Dallas 75098,,,,osm:node:13945379101,osm overpass car_repair in Dallas,2026-09-14
KTC TUNE AND LUBE,(817) 274-0500,2321 West Pioneer Parkway Dallas 76013,https://www.ktcautocare.com/,,,osm:node:13981179501,osm overpass car_repair in Dallas,2026-09-14
Sam's Club Auto Tire & Battery,(469) 608-6005,4062 Lyndon B Johnson Freeway Dallas 75244,,,,osm:node:13988825002,osm overpass car_repair in Dallas,2026-09-14
Kwik Kar Auto Center,(972) 259-5823,1620 West Pioneer Drive Irving TX,,,,osm:node:13995763957,osm overpass car_repair in Dallas,2026-09-14
Downtown Auto Repair & Body Work,(817) 870-2237,118 North Henderson Street Dallas 76102,,,,osm:node:14047643602,osm overpass car_repair in Dallas,2026-09-14
Turbo Tint,(469) 421-0700,714 South Greenville Avenue Allen TX 75002,,,,osm:node:14047949316,osm overpass car_repair in Dallas,2026-09-14
AMP Auto Hail Repair,(214) 433-2922,2901 North Central Expressway Dallas,https://amphail.com,,,osm:node:14062544039,osm overpass car_repair in Dallas,2026-09-14
Beshear’s Collision Repair,(817) 282-7390,724 West Hurst Boulevard Hurst TX 76053,https://beshearscollisionrepairs.com/,,,osm:node:14088609442,osm overpass car_repair in Dallas,2026-09-14
Jiffy Lube,(817) 306-7872,3172 Basswood Boulevard Dallas 76137,https://www.jiffylube.com/locations/tx/fort-worth/3443,,,osm:node:14130232102,osm overpass car_repair in Dallas,2026-09-14
AAA State Inspection,(972) 242-5122,2016 Keller Springs Road Dallas 75006,http://aaastateinspections.com,,,osm:node:14144714203,osm overpass car_repair in Dallas,2026-09-14
Discount Tire,(972) 539-7171,2405 Grapevine Mills Circle East Grapevine TX 76051,,,,osm:way:28125334,osm overpass car_repair in Dallas,2026-09-14
Discount Tire,(214) 596-1267,3516 West Airport Freeway Irving TX 75062,,,,osm:way:61697514,osm overpass car_repair in Dallas,2026-09-14
Meineke,(817) 900-3855,5031 Bryant Irvin Road Fort Worth TX 76132,https://www.meineke.com,,,osm:way:152379830,osm overpass car_repair in Dallas,2026-09-14
Discount Tire,(817) 294-4422,5650 Bryant Irvin Road Fort Worth TX 76132,,,,osm:way:152382276,osm overpass car_repair in Dallas,2026-09-14
Discount Tire,(972) 231-7828,13645 North Central Expressway Dallas TX 75243,https://www.discounttire.com/store/tx/dallas/s/1202,,,osm:way:220626680,osm overpass car_repair in Dallas,2026-09-14
Bodyworks Unlimited,(972) 385-3499,12160 Coit Road Dallas,,,,osm:way:221149550,osm overpass car_repair in Dallas,2026-09-14
Brakes Plus,(972) 377-6599,8620 Ohio Drive Plano TX 75024,https://www.brakesplus.com,,,osm:way:259565916,osm overpass car_repair in Dallas,2026-09-14
Discount Tire,(972) 377-8242,8700 Ohio Drive Plano TX 75024,,,,osm:way:259565931,osm overpass car_repair in Dallas,2026-09-14
Discount Tire,(817) 447-7540,13001 South Freeway Burleson TX 76028,,,,osm:way:271674299,osm overpass car_repair in Dallas,2026-09-14
Discount Tire,(972) 423-6045,1120 Central Expressway Plano TX 75074,,,,osm:way:291931090,osm overpass car_repair in Dallas,2026-09-14
MAACO,(940) 220-6073,2115 Sadau Court Denton TX 76210,www.maaco.com,,,osm:way:298346630,osm overpass car_repair in Dallas,2026-09-14
Firestone,(940) 220-6285,1850 Brinker Road Denton TX 76208,https://local.firestonecompleteautocare.com/texas/denton/1850-brinker-rd,,,osm:way:299618024,osm overpass car_repair in Dallas,2026-09-14
Pep Boys,(940) 380-0123,1605 Dallas Drive Denton TX 76205,https://pepboys.com/stores/tx/denton/1605-dallas-dr?storeCode=0781,,,osm:way:299738300,osm overpass car_repair in Dallas,2026-09-14
Christian Brothers Automotive,(972) 640-9832,3790 Eldorado Parkway McKinney TX 75070,https://www.cbac.com/mckinney/,,,osm:way:312154555,osm overpass car_repair in Dallas,2026-09-14
SpeeDee Oil Change and Tune-up,(972) 291-5413,321 East FM 1382 Cedar Hill TX 75104,,,,osm:way:343989577,osm overpass car_repair in Dallas,2026-09-14
Discount Tire Company,(972) 264-9362,130 West Pioneer Parkway Grand Prairie TX 75051,,,,osm:way:356338468,osm overpass car_repair in Dallas,2026-09-14
Hi Five Auto Care,(972) 744-0040,532 West Belt Line Road Richardson TX 75080,https://hifiveautocare.com/index.html,,,osm:way:379973169,osm overpass car_repair in Dallas,2026-09-14
Goodyear Shipman Tire,(972) 298-7182,1601 North Hampton Road DeSoto TX 75115,https://www.goodyear.com/,,,osm:way:393935426,osm overpass car_repair in Dallas,2026-09-14
Firestone Complete Auto Care,(972) 892-9206,210 East Camp Wisdom Road Duncanville TX 75116,,,,osm:way:404662098,osm overpass car_repair in Dallas,2026-09-14
Discount Tire,(469) 384-9662,4805 State Highway 121 The Colony TX 75056,,,,osm:way:422101367,osm overpass car_repair in Dallas,2026-09-14
Firestone,(972) 624-7819,5283 State Highway 121 The Colony TX 75056,https://local.firestonecompleteautocare.com/texas/the-colony/5283-state-highway-121/,,,osm:way:422101370,osm overpass car_repair in Dallas,2026-09-14
Brakes Plus,(945) 293-2879,3804 Main Street The Colony TX 75056,https://www.brakesplus.com/stores/the-colony/tx/0358/,,,osm:way:423424923,osm overpass car_repair in Dallas,2026-09-14
Kwik Kar,(972) 394-4885,1949 East Frankford Road Carrollton TX 75007,https://kwikkarcare.com/locations/frankford-carrollton-tx/,,,osm:way:423733122,osm overpass car_repair in Dallas,2026-09-14
SpeeDee Oil Change,(972) 394-9586,3107 Old Denton Road Carrollton TX 75007,https://speedee.org,,,osm:way:423752571,osm overpass car_repair in Dallas,2026-09-14
Driver's Edge,(972) 245-3144,1401 Wainwright Way Dallas,https://www.mydriversedge.com/locations/carrollton-auto-repair/,,,osm:way:423752574,osm overpass car_repair in Dallas,2026-09-14
Discount Tire,(972) 267-1877,1901 Dallas Parkway Plano TX 75093,,,,osm:way:423963194,osm overpass car_repair in Dallas,2026-09-14
Discount Tire,(972) 380-8854,3408 Trinity Mills Road Carrollton TX 75006,,,,osm:way:424187317,osm overpass car_repair in Dallas,2026-09-14
Auto Hans,(972) 788-2043,15840 Addison Road Addison TX 75001,https://www.autohans.com/,,,osm:way:424505381,osm overpass car_repair in Dallas,2026-09-14
Mid Cities Auto Glass,(972) 220-8888,自動15302 Midway Road Addison TX 75001,https://midcitiesautoglass.com,,,osm:way:424637792,osm overpass car_repair in Dallas,2026-09-14
Discount Auto & Tire Shop,(972) 247-4944,2433 Valley View Lane Dallas 75234,https://discountautoandtireshop.com/,,,osm:way:429032026,osm overpass car_repair in Dallas,2026-09-14
Discount Tire,(972) 385-0700,5540 Arapaho Road Dallas TX 75248,,,,osm:way:448875187,osm overpass car_repair in Dallas,2026-09-14
Take 5 Oil Change,(817) 370-9420,6050 South Hulen Street Ft. Worth 76132,,,,osm:way:456440330,osm overpass car_repair in Dallas,2026-09-14
Collett Tire Shop,(214) 380-5076,201 North Collett Avenue Dallas,https://collettshop.com/,,,osm:way:464221748,osm overpass car_repair in Dallas,2026-09-14
Discount Tire,(214) 391-4148,1638 South Buckner Boulevard Dallas TX 75217,,,,osm:way:465658747,osm overpass car_repair in Dallas,2026-09-14
Kwik Kar Valley Ranch,(972) 831-1040,9451 North MacArthur Boulevard Dallas,https://valleyranchkwik.com/,,,osm:way:465679840,osm overpass car_repair in Dallas,2026-09-14
Classic Oil & Lube,(214) 821-8955,1110 South Beacon Street Dallas,https://classic-self-services.edan.io/,,,osm:way:465715625,osm overpass car_repair in Dallas,2026-09-14
Discount Tire,(214) 946-9011,414 North Hampton Road Dallas TX 75208,,,,osm:way:465785198,osm overpass car_repair in Dallas,2026-09-14
Discount Tire,(214) 520-1566,3524 Inwood Road Dallas TX 75209,,,,osm:way:466409567,osm overpass car_repair in Dallas,2026-09-14
Discount Tire,(214) 363-8444,6616 East Northwest Highway Dallas TX 75231,,,,osm:way:466473189,osm overpass car_repair in Dallas,2026-09-14
Sabina's Auto Repair,(214) 634-8112,Dallas,,,,osm:way:466701966,osm overpass car_repair in Dallas,2026-09-14
Salazar Muffler & Truck Repar,(214) 761-9082,2323 Chalk Hill Road Dallas,,,,osm:way:466702178,osm overpass car_repair in Dallas,2026-09-14
Discount Tire,(972) 241-9924,2976 Forest Lane Dallas TX 75234,,,,osm:way:467534861,osm overpass car_repair in Dallas,2026-09-14
NorthLake Automotive,(214) 341-3773,10150 Shoreview Road Dallas,https://www.northlake-automotive.com/,,,osm:way:468095469,osm overpass car_repair in Dallas,2026-09-14
Discount Tire,(214) 349-2341,10640 Forest Lane Dallas TX 75243,,,,osm:way:468097570,osm overpass car_repair in Dallas,2026-09-14
Discount Tire,(972) 432-8778,8550 North MacArthur Boulevard Irving TX 75063,https://www.discounttire.com/,,,osm:way:469117014,osm overpass car_repair in Dallas,2026-09-14
Rallye Auto Service,(972) 769-0820,18181 Hillcrest Road Dallas 75252,http://rallyeautoservice.com,,,osm:way:470346219,osm overpass car_repair in Dallas,2026-09-14
Discount Tire,(972) 495-2627,5440 State Highway 78 Sachse TX 75048,,,,osm:way:495947115,osm overpass car_repair in Dallas,2026-09-14
National Service Systems LLC,(817) 624-2454,2201 Brennan Avenue Fort Worth TX 76106,http://nationalservicesystemsllc.com,,,osm:way:497732905,osm overpass car_repair in Dallas,2026-09-14
Discount Tire,(817) 446-0692,1000 East Loop 820 Fort Worth TX 76112,,,,osm:way:497781387,osm overpass car_repair in Dallas,2026-09-14
Discount Tire,(817) 263-4577,3463 Altamesa Boulevard Fort Worth TX 76133,,,,osm:way:500256068,osm overpass car_repair in Dallas,2026-09-14
Crash Champions,(817) 302-5250,2951 West Loop 820 South Fort Worth TX 76116,https://crashchampions.com/locations/crash-champions-west-ft-worth,,,osm:way:500509683,osm overpass car_repair in Dallas,2026-09-14
Crash Champions,(817) 293-7300,9601 South Freeway Fort Worth TX 76140,https://crashchampions.com/locations/crash-champions-south-ft-worth,,,osm:way:504064686,osm overpass car_repair in Dallas,2026-09-14
Just Tires,(817) 370-9694,5155 Bryant Irvin Road Fort Worth TX 76132,,,,osm:way:504084116,osm overpass car_repair in Dallas,2026-09-14
Valvoline,(817) 263-7793,5800 Bryant Irvin Road Fort Worth TX 76132,https://store.vioc.com/tx/fortworth/oil-change-fb0004.html,,,osm:way:504085127,osm overpass car_repair in Dallas,2026-09-14
Crash Champions,(817) 423-4030,7320 Kingswood Drive Dallas,https://crashchampions.com/locations/crash-champions-benbrook,,,osm:way:504092831,osm overpass car_repair in Dallas,2026-09-14
W Z Auto Sales,(817) 987-1326,140 South Bowen Road Arlington TX 76012,,,,osm:way:524825612,osm overpass car_repair in Dallas,2026-09-14
Orr Tommy L Auto Service Inc,(817) 275-0631,2502 West Division Street Arlington TX 76012,,,,osm:way:524827106,osm overpass car_repair in Dallas,2026-09-14
All Auto Repair,(817) 795-6656,Dallas,,,,osm:way:524829495,osm overpass car_repair in Dallas,2026-09-14
Jay's Front-End Alignment and Auto Repair,(817) 265-2690,115 South Bowen Road Arlington TX 76012,,,,osm:way:524829497,osm overpass car_repair in Dallas,2026-09-14
Dr. Car Repair Inc.,(682) 777-9590,115 South Bowen Road Arlington TX 76012,,,,osm:way:524829983,osm overpass car_repair in Dallas,2026-09-14
Gaby's Auto,(817) 277-7825,115 South Bowen Road Arlington TX 76012,,,,osm:way:524829984,osm overpass car_repair in Dallas,2026-09-14
Ed's Garage,(817) 284-0712,1200 W Hurst Boulevard Hurst TX 76053,,,,osm:way:544409862,osm overpass car_repair in Dallas,2026-09-14
Mavis Tires & Brakes,(945) 215-8610,7237 South Custer Road Dallas,https://mavis.com,,,osm:way:547957476,osm overpass car_repair in Dallas,2026-09-14
Discount Tire,(214) 547-0673,2260 State Highway 121 Plano TX 75025,https://discounttire.com,,,osm:way:547990302,osm overpass car_repair in Dallas,2026-09-14
Discount Tire,(972) 540-5895,2751 Central Expressway McKinney TX 75070,,,,osm:way:549631107,osm overpass car_repair in Dallas,2026-09-14
Brakes Plus,(469) 633-9717,9049 Preston Vineyard Drive Frisco TX 75035,https://www.brakesplus.com,,,osm:way:554350720,osm overpass car_repair in Dallas,2026-09-14
Discount Tire,(817) 595-1912,1492 West Pipeline Road Hurst TX 76053,,,,osm:way:556194192,osm overpass car_repair in Dallas,2026-09-14
Firestone Complete Auto Care,(817) 580-7510,1233 Melbourne Road Hurst TX 76053,,,,osm:way:556215705,osm overpass car_repair in Dallas,2026-09-14
Diesel Pros LLC,(817) 284-7171,1347 West Hurst Blvd Hurst TX 76053,https://dieselprosllc.com/,,,osm:way:560008641,osm overpass car_repair in Dallas,2026-09-14
Emerald Automotive Group,(817) 590-9771,1347 West Hurst Blvd Hurst TX 76053,,,,osm:way:560008642,osm overpass car_repair in Dallas,2026-09-14
All About Autos,(817) 284-2288,1261 West Hurst Blvd Hurst TX 76053,https://www.allaboutautosdfw.net/,,,osm:way:560008658,osm overpass car_repair in Dallas,2026-09-14
Cordero Garage,(817) 298-7043,1137 West Hurst Blvd Hurst TX 76053,,,,osm:way:560015926,osm overpass car_repair in Dallas,2026-09-14
Christensen Tire & Automotive,(972) 234-8852,1407 East Belt Line Road Richardson TX 75081,https://www.christensentire.com/,,,osm:way:567215460,osm overpass car_repair in Dallas,2026-09-14
Crash Champions,(817) 503-7555,8225 Northeast Parkway North Richland Hills TX 76182,https://crashchampions.com/locations/crash-champions-colleyville,,,osm:way:576483834,osm overpass car_repair in Dallas,2026-09-14
Kwik Kar of Flower Mound,(972) 355-1990,1045 Cross Timbers Road Flower Mound TX 75028,,,,osm:way:592560711,osm overpass car_repair in Dallas,2026-09-14
Bengal Automotive,(214) 902-0952,4814 Bengal Street Dallas TX 75235,https://www.bengalautomotive.com/,,,osm:way:594028427,osm overpass car_repair in Dallas,2026-09-14
Christensen Tire & Automotive,(972) 437-9677,2161 East Arapaho Road Richardson TX 75081,,,,osm:way:598175997,osm overpass car_repair in Dallas,2026-09-14
Discount Tire,(817) 567-9394,1330 North US Highway 377 Roanoke TX 76262,https://www.discounttire.com/store/tx/roanoke/s/1909,,,osm:way:603567773,osm overpass car_repair in Dallas,2026-09-14
Take 5 Oil Change,(817) 412-7469,1209 North US Highway 377 Roanoke TX 76262,https://www.take5.com/locations/oil-change/texas/roanoke/30821/,,,osm:way:603889813,osm overpass car_repair in Dallas,2026-09-14
Mavis Tires & Brakes,(682) 831-0500,1213 North US Highway 377 Roanoke TX 76262,https://www.ntb.com/,,,osm:way:603889814,osm overpass car_repair in Dallas,2026-09-14
Discount Tire,(972) 240-0208,711 West Interstate 30 Mesquite TX 75150,,,,osm:way:615887232,osm overpass car_repair in Dallas,2026-09-14
Discount Tire,(972) 867-8896,209 Coit Road Plano TX 75075,,,,osm:way:629228899,osm overpass car_repair in Dallas,2026-09-14
Discount Tire,(817) 483-0009,5940 I-20 West Arlington TX 76017,,,,osm:way:631931851,osm overpass car_repair in Dallas,2026-09-14
Discount Tire,(817) 460-0162,818 North Collins Street Arlington TX 76011,,,,osm:way:640502454,osm overpass car_repair in Dallas,2026-09-14
Discount Tire,(817) 548-1820,1375 Northeast Green Oaks Boulevard Arlington TX 76006,,,,osm:way:642660821,osm overpass car_repair in Dallas,2026-09-14
Lake City Auto Repair,(972) 353-5600,510 South Edmonds Lane Dallas,,,,osm:way:647856318,osm overpass car_repair in Dallas,2026-09-14
Discount Tire,(469) 892-1487,3390 President George Bush Turnpike Dallas TX 75287,,,,osm:way:648542503,osm overpass car_repair in Dallas,2026-09-14
Crash Champions,(972) 315-6505,2765 South Stemmons Freeway Lewisville TX 75067,https://crashchampions.com/locations/crash-champions-lewisville,,,osm:way:648603657,osm overpass car_repair in Dallas,2026-09-14
Discount Tire,(972) 315-3899,2385 I-35E Frontage Road Lewisville TX 75067,,,,osm:way:650140056,osm overpass car_repair in Dallas,2026-09-14
Discount Tire,(972) 578-9561,1016 East Park Boulevard Plano TX 75074,,,,osm:way:650391017,osm overpass car_repair in Dallas,2026-09-14
Dekra,(972) 612-4687,3140 Independence Parkway Plano TX 75075,https://www.dekra.us/en/texas/plano-3140-independence-pky/,,,osm:way:650758782,osm overpass car_repair in Dallas,2026-09-14
Firestone Complete Auto Care,(972) 624-7714,4700 Preston Road Frisco TX 75034,,,,osm:way:651787993,osm overpass car_repair in Dallas,2026-09-14
Discount Tire,(972) 228-3514,1155 North Beckley Avenue DeSoto TX 75115,,,,osm:way:652868667,osm overpass car_repair in Dallas,2026-09-14
Discount Tire,(817) 329-2211,2055 West State Highway 114 Grapevine TX 76051,,,,osm:way:653239202,osm overpass car_repair in Dallas,2026-09-14
Grease Monkey,(972) 867-2241,3201 West Parker Road Plano TX 75075,https://www.greasemonkeyauto.com/plano-texas-75023-center-1363/,,,osm:way:653452811,osm overpass car_repair in Dallas,2026-09-14
Driver's Edge Complete Auto Repair,(972) 724-0802,6200 Morriss Road Flower Mound TX 75028,https://www.mydriversedge.com/locations/flower-mound-auto-repair/,,,osm:way:654790750,osm overpass car_repair in Dallas,2026-09-14
Discount Tire,(972) 691-8533,1901 Justin Road Flower Mound TX 75028,,,,osm:way:654790757,osm overpass car_repair in Dallas,2026-09-14
Discount Tire,(682) 518-6972,1161 US Highway 287 North Mansfield TX 76063,,,,osm:way:655829521,osm overpass car_repair in Dallas,2026-09-14
Discount Tire,(817) 468-7575,3704 South Cooper Street Arlington TX 76015,,,,osm:way:658892286,osm overpass car_repair in Dallas,2026-09-14
Camarillos Tire Shop Inc,(469) 288-1891,1019 Dallas Drive Denton TX 76205,,,,osm:way:659364818,osm overpass car_repair in Dallas,2026-09-14
Eagle Tire & Wheel,(972) 463-0992,5120 Grisham Drive Rowlett Tx 75088,,,,osm:way:660742950,osm overpass car_repair in Dallas,2026-09-14
Elias Body Shop,(972) 289-0101,712 South Sam Houston Road Mesquite TX 75149,,,,osm:way:663233274,osm overpass car_repair in Dallas,2026-09-14
Fifth Gear Automotive - Lewisville,(972) 317-4005,1975 Archer Avenue Lewisville TX 75077,,,,osm:way:665351714,osm overpass car_repair in Dallas,2026-09-14
Brakes Plus,(972) 434-4340,475 North Valley Parkway;North Valley Parkway North Lewisville TX 75067,,,,osm:way:665633500,osm overpass car_repair in Dallas,2026-09-14
Discount Tire,(972) 602-3385,2505 I 20 Frontage Road Grand Prairie TX 75052,,,,osm:way:665956005,osm overpass car_repair in Dallas,2026-09-14
Discount Tire,(972) 278-6444,1500 Eastgate Drive Garland TX 75041,,,,osm:way:666368155,osm overpass car_repair in Dallas,2026-09-14
Discount Tire,(817) 840-2827,13032 Northwest US Highway 287 Haslet TX 76052,,,,osm:way:666655989,osm overpass car_repair in Dallas,2026-09-14
Mobil 1 Lube Express,(469) 293-8332,761 West Round Grove Road Dallas,http://www.mo1le.com,,,osm:way:667522389,osm overpass car_repair in Dallas,2026-09-14
Spring Creek Auto Repair,(972) 881-7314,5401 Alma Drive Plano TX 75023,,,,osm:way:667540881,osm overpass car_repair in Dallas,2026-09-14
Discount Tire,(972) 291-3939,142 North Highway 67 Cedar Hill TX 75104,,,,osm:way:667581481,osm overpass car_repair in Dallas,2026-09-14
Discount Tire,(972) 285-6308,2201 North Galloway Avenue Mesquite TX 75150,,,,osm:way:669048083,osm overpass car_repair in Dallas,2026-09-14
Crash Champions,(972) 285-3480,1215 US Highway 80 Mesquite TX 75150,https://crashchampions.com/locations/crash-champions-e-mesquite,,,osm:way:669789469,osm overpass car_repair in Dallas,2026-09-14
Discount Tire,(972) 527-6012,301 West Spring Creek Parkway Plano TX 75023,,,,osm:way:674351311,osm overpass car_repair in Dallas,2026-09-14
Kwik Kar Oil Change & Auto Care,(940) 484-1900,2233 Colorado Boulevard Denton TX 76205,https://kwikkardenton.com/locations/kwik-kar-denton-colorado-blvd/,,,osm:way:675281906,osm overpass car_repair in Dallas,2026-09-14
Discount Tire,(972) 722-7964,693 East Interstate 30 Rockwall TX 75087,,,,osm:way:675730649,osm overpass car_repair in Dallas,2026-09-14
Discount Tire,(469) 366-0188,5150 Lakeview Parkway Rowlett TX 75088,,,,osm:way:676950094,osm overpass car_repair in Dallas,2026-09-14
Bryant's Tire Shop,(469) 347-1369,7564 Main Street The Colony TX 75056,,,,osm:way:678211222,osm overpass car_repair in Dallas,2026-09-14
Discount Tire,(972) 292-0707,2990 FM 423 Little Elm TX 75068,https://www.discounttire.com/store/tx/little-elm/s/1757,,,osm:way:691317347,osm overpass car_repair in Dallas,2026-09-14
Keller Alliance Auto Repair,(817) 431-0009,1485 South Main Street Keller TX 76248,http://kellerallianceautorepair.com,,,osm:way:691722445,osm overpass car_repair in Dallas,2026-09-14
Firestone,(469) 651-1228,760 East Interstate 30 Rockwall TX 75087,https://local.firestonecompleteautocare.com/texas/rockwall/760-ih-30-east/,,,osm:way:698280651,osm overpass car_repair in Dallas,2026-09-14
"Jackson Automotive Specialist, Inc.",(972) 771-5791,608 White Hills Drive Rockwall TX 75087,,,,osm:way:698280652,osm overpass car_repair in Dallas,2026-09-14
The Painting Palace,(972) 727-9411,1030 West Lucas Road Lucas TX 75002,,,,osm:way:709373871,osm overpass car_repair in Dallas,2026-09-14
Advanced Auto Repair,(940) 382-1691,612 Fort Worth Drive Denton TX 76201,https://advancedtireandrepair.com/,,,osm:way:709811867,osm overpass car_repair in Dallas,2026-09-14
Tommy's Hi Tech Auto,(940) 222-4355,620 Fort Worth Drive Denton TX 76201,https://www.tommyht.com/,,,osm:way:709812813,osm overpass car_repair in Dallas,2026-09-14
Brake Stop,(214) 821-6040,4308 Live Oak Street Dallas,http://www.brakestopdallas.com/,,,osm:way:711055062,osm overpass car_repair in Dallas,2026-09-14
B&B Tires,(682) 518-0754,1773 North Main Street Mansfield TX 76063,https://b-b-tires.business.site/,,,osm:way:713063210,osm overpass car_repair in Dallas,2026-09-14
Discount Tire,(817) 788-1557,8632 Davis Boulevard North Richland Hills TX 76182,,,,osm:way:713504240,osm overpass car_repair in Dallas,2026-09-14
NTB,(817) 476-1101,8509 Precinct Line Road North Richland Hills TX 76182,https://www.mavis.com/locations/north-richland-hills-tx/?stnum=4497,,,osm:way:713507243,osm overpass car_repair in Dallas,2026-09-14
Discount Tire,(817) 483-8175,3405 Forest Hill Circle Forest Hill TX 76140,,,,osm:way:713756710,osm overpass car_repair in Dallas,2026-09-14
Discount Tire,(940) 891-0659,2245 South Loop 288 Denton TX 76205,,,,osm:way:715188686,osm overpass car_repair in Dallas,2026-09-14
Precision Auto Diagnostics,(972) 576-2505,Dallas,,,,osm:way:717712833,osm overpass car_repair in Dallas,2026-09-14
Discount Tire,(940) 326-6034,8051 South Interstate 35E Corinth TX 76210,,,,osm:way:750312850,osm overpass car_repair in Dallas,2026-09-14
Firestone,(817) 502-3158,5450 Overton Ridge Boulevard Fort Worth TX 76132,https://local.firestonecompleteautocare.com/texas/fort-worth/5450-overton-ridge-blvd/,,,osm:way:760095761,osm overpass car_repair in Dallas,2026-09-14
Caliber Collision,(817) 491-0001,1361 North US Highway 377 Roanoke TX 76262,https://www.caliber.com/find-a-location/roanoke,,,osm:way:793599297,osm overpass car_repair in Dallas,2026-09-14
Shield's Service,(972) 722-3851,202 South Goliad Street Rockwall TX 75087,https://shieldsservice.com/,,,osm:way:805459817,osm overpass car_repair in Dallas,2026-09-14
Auto & Lube,(972) 722-7565,2225 Ridge Road Rockwall TX,,,,osm:way:805459919,osm overpass car_repair in Dallas,2026-09-14
Jiffy Lube,(972) 596-1002,1229 Coit Road Plano TX 75075,https://www.jiffylube.com/locations/tx/plano/3794,,,osm:way:1004785709,osm overpass car_repair in Dallas,2026-09-14
Brakes Plus,(972) 315-2926,200 West Round Grove Road Lewisville TX 75067,,,,osm:way:1078679039,osm overpass car_repair in Dallas,2026-09-14
Caliber Collision,(817) 508-9288,8732 Harmon Road Fort Worth TX 76177,https://www.caliber.com/find-a-location/cac-presidio-junction-harmon,,,osm:way:1107461504,osm overpass car_repair in Dallas,2026-09-14
Caliber Collision,(214) 469-1538,275 Old Newman Road Frisco TX 75034,,,,osm:way:1109133583,osm overpass car_repair in Dallas,2026-09-14
Christian Brothers Automotive Frisco West,(214) 705-3341,8110 FM 423 Frisco TX 75034,https://www.cbac.com/frisco-west/,,,osm:way:1109133873,osm overpass car_repair in Dallas,2026-09-14
Caliber Collision,(972) 317-0493,1230 Justin Road Lewisville TX 75077,https://www.caliber.com/find-a-location/flower-mound,,,osm:way:1113160403,osm overpass car_repair in Dallas,2026-09-14
Caliber Collision,(469) 552-9617,202 Ryan Drive Red Oak 75154,,,,osm:way:1234742376,osm overpass car_repair in Dallas,2026-09-14
Bartlett Auto Repair,(817) 295-9250,113 East Renfro Street Burleson TX 76028,,,,osm:way:1239791528,osm overpass car_repair in Dallas,2026-09-14
Texas Collision Centers,(817) 207-4700,100 Successful Dr Fort Worth TX 76140,https://texascollisioncenters.com/,,,osm:way:1272579148,osm overpass car_repair in Dallas,2026-09-14
Caliber Auto Care,(214) 978-4414,5444 State Highway 78 South Sachse TX 75048,https://www.caliber.com/find-a-location/cac-sachse,,,osm:way:1279205633,osm overpass car_repair in Dallas,2026-09-14
Hercules Muffler & Radiator Shop,(214) 826-8886,402 South Carroll Avenue Dallas TX 75223,,,,osm:way:1293503492,osm overpass car_repair in Dallas,2026-09-14
Christian Brothers Automotive,(469) 757-4399,129 East Ralph Hall Parkway Rockwall TX 75032,https://www.cbac.com/rockwall/,,,osm:way:1296334908,osm overpass car_repair in Dallas,2026-09-14
Columbia Auto Repair,(214) 821-8118,113 North Collett Avenue Dallas,,,,osm:way:1298966470,osm overpass car_repair in Dallas,2026-09-14
Lavon Tire Service,(972) 771-8099,11001 State Highway 205 Lavon TX 75166,https://www.lavontireservice.com/,,,osm:way:1315360669,osm overpass car_repair in Dallas,2026-09-14
Brakes Plus,(469) 731-4330,5440 Warren Parkway Frisco TX 75034,,,,osm:way:1327394134,osm overpass car_repair in Dallas,2026-09-14
Brakes Plus,(817) 766-5950,8621 Precinct Line Road North Richland Hills TX 76182,https://www.brakesplus.com/schedule-appointment/?storenum=0319,,,osm:way:1342551975,osm overpass car_repair in Dallas,2026-09-14
Take 5 Oil Change,(682) 237-5728,9238 Benbrook Boulevard Dallas,https://www.take5.com/locations/oil-change/texas/benbrook/33001/,,,osm:way:1368511272,osm overpass car_repair in Dallas,2026-09-14
Kwik Kar Oil and Lube,(817) 249-0081,8724 Benbrook Boulevard Dallas,https://dfwkwikkar.com/benbrook/,,,osm:way:1368604235,osm overpass car_repair in Dallas,2026-09-14
Brakes Plus,(682) 363-0510,1665 North US Highway 377 Roanoke TX 76262,https://www.brakesplus.com/stores/roanoke/tx/0333/,,,osm:way:1420260086,osm overpass car_repair in Dallas,2026-09-14
Justin Automotive,(940) 441-1122,828 West 1st Street Justin TX 76247,https://www.justinautomotive.com/,,,osm:way:1550952996,osm overpass car_repair in Dallas,2026-09-14
Virginia Auto Service,(602) 266-0200,386 East Virginia Avenue Phoenix AZ 85004,http://www.virginiaautoservice.com,,,osm:node:2840177551,osm overpass car_repair in Phoenix,2026-09-14
MGA Collision Center,(480) 626-5811,950 North Stadem Drive Tempe AZ 85281,https://mgacollisioncenter.com,,,osm:node:3047805062,osm overpass car_repair in Phoenix,2026-09-14
"Scottsdale Muffler & Automotive, Inc.",(480) 994-4741,1879 East 3rd Street Tempe AZ 85288,https://scottsdalemuffler.com,,,osm:node:3129900250,osm overpass car_repair in Phoenix,2026-09-14
Clayton's Automotive,(623) 934-7950,7961 West Gold Dust Avenue Peoria AZ 85345,,,,osm:node:3949379181,osm overpass car_repair in Phoenix,2026-09-14
Walmart Tire & Lube Express,(602) 973-6565,6145 North 35th Avenue Phoenix AZ 85017,,,,osm:node:4272692124,osm overpass car_repair in Phoenix,2026-09-14
Simon and Sons #1 Quality Auto Repair,(602) 274-1604,Phoenix,,,,osm:node:4381801503,osm overpass car_repair in Phoenix,2026-09-14
521 Automotive,(480) 248-8469,334 West 10th Avenue Mesa AZ 85210,https://www.521automotive.com/,,,osm:node:4794212216,osm overpass car_repair in Phoenix,2026-09-14
North Mountain Auto Repair,(602) 641-5571,15038 North Cave Creek Road Phoenix 85032,https://www.northmountainauto.com/,,,osm:node:5146450849,osm overpass car_repair in Phoenix,2026-09-14
Brakes Plus,(602) 923-0000,Phoenix,https://www.brakesplus.com,,,osm:node:5649897894,osm overpass car_repair in Phoenix,2026-09-14
Imports Inc.,(480) 962-4830,320 East 10th Drive Mesa AZ 85210,http://importsincmesa.com,,,osm:node:5913086186,osm overpass car_repair in Phoenix,2026-09-14
Chuck's Auto Body Repair,(480) 201-6405,16537 East Laser Drive Fountain Hills AZ 85268,,,,osm:node:6122211697,osm overpass car_repair in Phoenix,2026-09-14
Bell Road RV Center,(602) 971-2450,2727 East Bell Road Phoenix AZ 85032,https://www.bellroadrv.com/,,,osm:node:6345516985,osm overpass car_repair in Phoenix,2026-09-14
Cactus Window Tint,(480) 248-8966,8295 East Raintree Drive Scottsdale AZ 85260,https://cactustint.com/,,,osm:node:6401608480,osm overpass car_repair in Phoenix,2026-09-14
Walmart Auto Care Center,(480) 962-4053,857 North Dobson Road Mesa AZ 85201,https://www.walmart.com/,,,osm:node:6611923285,osm overpass car_repair in Phoenix,2026-09-14
Dynasty Collision,(602) 529-3304,6502 North 27th Avenue Phoenix AZ 85017,https://dynastycollision.com/,,,osm:node:7028154250,osm overpass car_repair in Phoenix,2026-09-14
Gemba Automotive,(480) 966-1442,424 West Guadalupe Road Mesa AZ 85210,https://www.gembaautomotive.com/mesa-guadalupe-location,,,osm:node:7727708968,osm overpass car_repair in Phoenix,2026-09-14
Creation Collision Center,(480) 650-6565,305 East Comstock Drive Chandler AZ 85225,https://creationcollisioncenter.com/,,,osm:node:7729587048,osm overpass car_repair in Phoenix,2026-09-14
Crawford's Auto Repair,(480) 201-0740,450 East Frye Road Chandler AZ 85225,https://www.crawfordsautoservice.com,,,osm:node:7776709186,osm overpass car_repair in Phoenix,2026-09-14
Strip Your Ride Blasting,(480) 636-6563,9222 North 13th Avenue Phoenix AZ 85021,https://www.stripyourrideblasting.com/,,,osm:node:8347466317,osm overpass car_repair in Phoenix,2026-09-14
Carlife,(623) 244-4399,7909 West Campo Bello Drive Glendale AZ 85308,https://www.carlifeautocare.com/,,,osm:node:8684189255,osm overpass car_repair in Phoenix,2026-09-14
A Pit Stop Garage,(623) 842-3300,Phoenix,,,,osm:node:8774132522,osm overpass car_repair in Phoenix,2026-09-14
Beyer Motor Works,(480) 961-9449,300 South 79th Street Chandler AZ 85226,https://beyermotorworks.com/,,,osm:node:9223783120,osm overpass car_repair in Phoenix,2026-09-14
"Extreme Wheels, Tires & Rim Shop",(480) 892-9433,1497 E Baseline Rd Ste 4-109 Gilbert AZ 85233,https://extremewheels.com/,,,osm:node:9527720133,osm overpass car_repair in Phoenix,2026-09-14
Walmart Auto Care Center,(623) 845-6093,2020 North 75th Avenue Phoenix AZ 85035,,,,osm:node:9576363420,osm overpass car_repair in Phoenix,2026-09-14
Johnnys Tires Shop,(623) 328-8200,7115 N 51st Ave Glendale AZ 85301,https://johnnystireshop.com,,,osm:node:9753648107,osm overpass car_repair in Phoenix,2026-09-14
AZ Wrap & Tint,(480) 535-5285,1497 E Baseline Rd Ste 4-109 Gilbert AZ 85233,https://azautowrap.com/,,,osm:node:10212174980,osm overpass car_repair in Phoenix,2026-09-14
Yota Pros,(480) 699-2880,7144 South Priest Drive Tempe AZ 85283,https://yotapros.com/,,,osm:node:10234725375,osm overpass car_repair in Phoenix,2026-09-14
SHM Motorsports,(480) 898-0292,452 South Extension Road Mesa AZ 85210,https://shmotorsports.com,,,osm:node:11195231356,osm overpass car_repair in Phoenix,2026-09-14
Crash Champions,(623) 486-1100,Phoenix,https://crashchampions.com/locations/crash-champions-thunderbird,,,osm:node:11216886214,osm overpass car_repair in Phoenix,2026-09-14
AutoSilo Windshield Replacement,(602) 698-9513,2724 West McLellan Boulevard Phoenix AZ 85017,https://mesawindshields.com/,,,osm:node:11875716891,osm overpass car_repair in Phoenix,2026-09-14
Moncada WTS,(602) 347-5423,7002 North 23rd Laen Phoenix AZ 85021,https://moncadawts.com,,,osm:node:11927819508,osm overpass car_repair in Phoenix,2026-09-14
Walmart Auto Care Center,(623) 925-9931,1100 North Estrella Parkway Goodyear AZ 85338,,,,osm:node:12029920355,osm overpass car_repair in Phoenix,2026-09-14
Walmart Auto Care Center,(623) 872-0943,5010 North 95th Avenue Phoenix AZ 85305,,,,osm:node:12029965013,osm overpass car_repair in Phoenix,2026-09-14
Walmart Auto Care Center,(623) 935-4181,13055 West Rancho Santa Fe Boulevard Avondale AZ 85392,,,,osm:node:12029979691,osm overpass car_repair in Phoenix,2026-09-14
Forrest Collision,(602) 973-3030,1729 West Colter Street Phoenix AZ 85015,https://forrestcollision.com/,,,osm:node:12077382070,osm overpass car_repair in Phoenix,2026-09-14
Safelite AutoGlass,(888) 843-2798,2405 West University Drive Tempe AZ 85281,,,,osm:node:12189370085,osm overpass car_repair in Phoenix,2026-09-14
Don's Automotive Shop,(623) 247-6282,7740 W Indian School Rd #3B Phoenix AZ 85033,https://donsautomotiveshop.com/,,,osm:node:12397177876,osm overpass car_repair in Phoenix,2026-09-14
Valvoline,(480) 550-8243,3275 West Peoria Avenue Phoenix AZ 85029,,,,osm:node:12476445707,osm overpass car_repair in Phoenix,2026-09-14
J-N-J Auto Service,(623) 930-7936,3528 West Cactus Road Phoenix AZ 85029,https://jnjautoservice.com,,,osm:node:12493031198,osm overpass car_repair in Phoenix,2026-09-14
All Valley Car Care,(623) 243-6206,11541 W Bell Rd Surprise AZ 85378,https://allvalleycarcare.com/auto-repair-shop-surprise-az/,,,osm:node:12836872401,osm overpass car_repair in Phoenix,2026-09-14
Gemba Automotive,(602) 427-5676,6605 West Chandler Boulevard Chandler AZ 85226,,,,osm:node:12913419497,osm overpass car_repair in Phoenix,2026-09-14
Take 5 Oil Change,(480) 359-1240,3501 West Bell Road Phoenix AZ,https://www.take5.com/locations/oil-change/arizona/phoenix/30916,,,osm:node:12986789203,osm overpass car_repair in Phoenix,2026-09-14
Sunn West City's Auto Body,(623) 546-4122,17126 North 134th Drive Surprise AZ 85378,https://sunnwest.com,,,osm:node:12990560511,osm overpass car_repair in Phoenix,2026-09-14
Firestone Complete Auto Care,(623) 282-3524,1124 Thunderbird Street Phoenix 85309,,,,osm:node:13233723801,osm overpass car_repair in Phoenix,2026-09-14
David & Sons Collisions,(602) 620-6050,2604 North 36th Street Phoenix AZ 85008,https://www.davidandsonscollision.com/,,,osm:node:13316776562,osm overpass car_repair in Phoenix,2026-09-14
Innovated Wraps,(480) 527-6880,1733 East McKellips Road Tempe AZ 85288,https://www.innovatedwrapsusa.com/,,,osm:node:13358077914,osm overpass car_repair in Phoenix,2026-09-14
Latin Mufflers/Fenix Auto Care,(602) 461-3809,East Jones Avenue Phoenix 85050,,,,osm:node:13463006401,osm overpass car_repair in Phoenix,2026-09-14
Gemba Automotive,(480) 446-0484,1375 South McClintock Drive Phoenix,https://www.gembaautomotive.com/auto-repair-shop-tempe-az,,,osm:node:13489073968,osm overpass car_repair in Phoenix,2026-09-14
Gemba Automotive,(623) 214-6933,13315 W Bell Road Surprise AZ 85378,https://www.gembaautomotive.com/surprise-location,,,osm:node:13506449638,osm overpass car_repair in Phoenix,2026-09-14
Gemba Automotive,(480) 947-4863,3014 N Civic Center Plaza Scottsdale AZ 85251,https://www.gembaautomotive.com/scottsdale-location,,,osm:node:13528170770,osm overpass car_repair in Phoenix,2026-09-14
Gannon Ceramic Coatings & Mobile,(602) 833-2892,2330 North Horne Mesa AZ 85203,https://gannondetailing.com/,,,osm:node:13532906889,osm overpass car_repair in Phoenix,2026-09-14
The Wrap Room,(480) 353-8240,2140 East 5th Street Tempe AZ 85281,,,,osm:node:13565548473,osm overpass car_repair in Phoenix,2026-09-14
Big O Tires,(623) 276-7525,28376 N Vistancia Blvd Peoria AZ 85383,,,,osm:node:13602872427,osm overpass car_repair in Phoenix,2026-09-14
LEKSFIXIT,(602) 684-6529,640 South Smith Road Tempe AZ 85281,,,,osm:node:13621210402,osm overpass car_repair in Phoenix,2026-09-14
BBB Motorwërks - A Revline Motorsports Company,(602) 315-0680,4818 South 40th Place Phoenix AZ 85040,,,,osm:node:13679283824,osm overpass car_repair in Phoenix,2026-09-14
FineDetailing,(480) 332-6654,7900 East Greenway Road Scottsdale AZ 85260-1713,https://finedetailingaz.com,,,osm:node:13760464328,osm overpass car_repair in Phoenix,2026-09-14
King Garcia Auto Detail,(602) 374-0366,702 West Melinda Lane Phoenix AZ 85027,https://kinggarciaautodetailllc.com,,,osm:node:13833281115,osm overpass car_repair in Phoenix,2026-09-14
Jiffy Lube,(480) 207-2023,13051 West Thunderbird Road El Mirage AZ 85335,https://www.jiffylube.com/locations,,,osm:node:13971570290,osm overpass car_repair in Phoenix,2026-09-14
Floorjack Auto Repair,(623) 363-5990,21242 N Black Canyon Hwy Phoenix AZ 85027,,,,osm:node:14106396694,osm overpass car_repair in Phoenix,2026-09-14
Jiffy Lube,(602) 482-2331,2005 East Cactus Road Phoenix AZ 85022,https://www.jiffylube.com/locations/az/phoenix/1664,,,osm:way:33184422,osm overpass car_repair in Phoenix,2026-09-14
AAMCO Transmissions & Total Car Care,(602) 714-2516,322 West Van Buren Street Phoenix AZ 85003,https://aamcophoenixcentral.com/,,,osm:way:37057864,osm overpass car_repair in Phoenix,2026-09-14
Crash Champions,(602) 404-6700,East Bell Road Phoenix AZ 85032,https://crashchampions.com/locations/crash-champions-bell,,,osm:way:71277485,osm overpass car_repair in Phoenix,2026-09-14
Big Brand Tire & Service,(602) 493-5258,17434 North Cave Creek Road Phoenix AZ 85032,https://bigbrandtire.com/,,,osm:way:82697470,osm overpass car_repair in Phoenix,2026-09-14
Discount Tire,(480) 951-9126,9199 East Talking Stick Way Scottsdale AZ 85250,https://www.discounttire.com/,,,osm:way:93160853,osm overpass car_repair in Phoenix,2026-09-14
Firestone,(623) 688-5160,2825 West Carefree Highway Phoenix AZ 85085,https://local.firestonecompleteautocare.com/arizona/phoenix/2825-w-carefree-hwy/,,,osm:way:103863566,osm overpass car_repair in Phoenix,2026-09-14
Gemba Automotive,(602) 275-2187,1451 North 32nd Street Phoenix AZ 85008,https://www.gembaautomotive.com/auto-repair-shop-phoenix-az,,,osm:way:136807614,osm overpass car_repair in Phoenix,2026-09-14
Brakes Plus,(623) 772-0777,7715 West Lower Buckeye Road Phoenix AZ 85043,https://www.brakesplus.com,,,osm:way:152725699,osm overpass car_repair in Phoenix,2026-09-14
Half Price Auto Repair & Performance,(480) 686-8125,3800 North 7th Street Phoenix AZ 85014,,,,osm:way:153128617,osm overpass car_repair in Phoenix,2026-09-14
Brakes Plus,(623) 935-9166,13065 West Rancho Santa Fe Boulevard Avondale AZ 85392,https://www.brakesplus.com,,,osm:way:153246941,osm overpass car_repair in Phoenix,2026-09-14
Discount Tire,(602) 978-9686,4455 West Bell Road Phoenix AZ 85306,https://www.discounttire.com/store/az/glendale/s/1016,,,osm:way:168449872,osm overpass car_repair in Phoenix,2026-09-14
Xpress Automotive,(480) 460-2400,15629 South Desert Foothills Parkway Phoenix AZ 85048,,,,osm:way:199755747,osm overpass car_repair in Phoenix,2026-09-14
Gemba Automotive Repair,(602) 427-5676,6605 West Chandler Boulevard Chandler AZ 85226,https://www.gembaautomotive.com/,,,osm:way:205716630,osm overpass car_repair in Phoenix,2026-09-14
Discount Tire,(623) 937-6639,7040 North 43rd Avenue Glendale AZ 85301,,,,osm:way:220272262,osm overpass car_repair in Phoenix,2026-09-14
Tesla Collision Tempe,(480) 444-3327,7015 South Harl Avenue Tempe AZ 85283,https://www.tesla.com/en_US/findus/location/bodyshop/tempebodyrepair,,,osm:way:221109279,osm overpass car_repair in Phoenix,2026-09-14
Classic Collision,(480) 998-5969,14850 North 83rd Place Scottsdale AZ 85260,https://www.ricsbodyandpaint.com/,,,osm:way:221879295,osm overpass car_repair in Phoenix,2026-09-14
Rory Airpark Autotek,(480) 483-7535,14850 North 83rd Place Scottsdale AZ 85260,https://www.rorysautotek.com/,,,osm:way:221879301,osm overpass car_repair in Phoenix,2026-09-14
Serrano's Tire Shop llc,(602) 649-6440,5905 West Glendale Avenue Glendale AZ 85301,,,,osm:way:222442306,osm overpass car_repair in Phoenix,2026-09-14
Leading Edge Auto,(623) 748-1632,10380 North 91st Avenue Peoria AZ 85345,https://www.meineke.com/locations/az/peoria-4342/,,,osm:way:230614649,osm overpass car_repair in Phoenix,2026-09-14
Crash Champions,(480) 483-0355,8180 East Raintree Drive Scottsdale AZ 85260,https://crashchampions.com/locations/crash-champions-scottsdale,,,osm:way:231263299,osm overpass car_repair in Phoenix,2026-09-14
Community Tire Pros & Auto Repair,(602) 560-4099,2751 West North Lane Phoenix AZ 85051,https://communitytirepros.com,,,osm:way:238110974,osm overpass car_repair in Phoenix,2026-09-14
Sun Devil Auto,(602) 993-2170,4322 West Thunderbird Road Glendale AZ 85306,https://www.sundevilauto.com/,,,osm:way:243704057,osm overpass car_repair in Phoenix,2026-09-14
Crash Champions,(480) 615-9974,4915 East McKellips Road Mesa AZ 85215,https://crashchampions.com/locations/crash-champions-mesa,,,osm:way:313029639,osm overpass car_repair in Phoenix,2026-09-14
Discount Tire,(623) 878-9487,6825 West Peoria Avenue Peoria AZ 85345,,,,osm:way:341450382,osm overpass car_repair in Phoenix,2026-09-14
Discount Tire,(623) 544-2811,13742 West Bell Road Surprise AZ 85374,,,,osm:way:354983909,osm overpass car_repair in Phoenix,2026-09-14
Brake Masters,(623) 975-6300,13758 West Bell Road Surprise AZ 85374,,,,osm:way:355225111,osm overpass car_repair in Phoenix,2026-09-14
Advanced Auto Service & Tire Center,(623) 878-4072,14087 West Grand Avenue Surprise AZ 85374,,,,osm:way:360077867,osm overpass car_repair in Phoenix,2026-09-14
Lee Myles Transmission,(623) 556-2220,14075 West Grand Avenue Surprise AZ 85374,,,,osm:way:360429848,osm overpass car_repair in Phoenix,2026-09-14
Wilhelm Automotive - Surprise,(623) 544-3676,14297 West Grand Avenue Surprise AZ 85374,,,,osm:way:360484560,osm overpass car_repair in Phoenix,2026-09-14
Thunderbird Automotive,(623) 882-8990,18808 North Reems Road Surprise AZ 85374,,,,osm:way:366200217,osm overpass car_repair in Phoenix,2026-09-14
Auto Glass Express,(480) 500-9000,6720 North 67th Avenue Peoria AZ 85345,https://autoglassexpress.com/,,,osm:way:399577413,osm overpass car_repair in Phoenix,2026-09-14
Big O Tires,(480) 500-5006,1150 West Southern Avenue Mesa AZ 85210,https://www.bigotires.com/location/az-mesa-85210/004238,,,osm:way:409043875,osm overpass car_repair in Phoenix,2026-09-14
Crash Champions,(623) 486-4810,16000 North 75th Avenue Peoria AZ 85382,https://crashchampions.com/locations/crash-champions-peoria-75th-ave,,,osm:way:431154784,osm overpass car_repair in Phoenix,2026-09-14
Japanese Auto Pros,(602) 841-2424,2427 West Northern Avenue Phoenix AZ 85021,https://www.japaneseautopros.com,,,osm:way:437312363,osm overpass car_repair in Phoenix,2026-09-14
Sparks Auto Service,(480) 666-8802,4454 East University Drive Mesa AZ 85205,http://www.robertscomplete.net/,,,osm:way:437996901,osm overpass car_repair in Phoenix,2026-09-14
Big Brand Tire & Service,(623) 772-6800,10545 West Indian School Road Avondale AZ 85392,https://www.purcelltire.com/,,,osm:way:477224668,osm overpass car_repair in Phoenix,2026-09-14
Old School Auto Repair,(480) 964-2398,33 South Alma School Road Mesa AZ 85210,http://www.myosar.com,,,osm:way:486018637,osm overpass car_repair in Phoenix,2026-09-14
Safelite AutoGlass,(877) 465-5224,5851 East McKellips Road Mesa AZ 85215,https://www.safelite.com/stores/mesa-2,,,osm:way:500546491,osm overpass car_repair in Phoenix,2026-09-14
Discount Tire,(623) 547-3061,13213 West McDowell Road Goodyear AZ 85395,,,,osm:way:505571244,osm overpass car_repair in Phoenix,2026-09-14
CarLife Auto Repair,(480) 462-6244,8830 East Talking Stick Way Salt River Indian Res AZ 85250,https://www.carlifeautocare.com/,,,osm:way:510537097,osm overpass car_repair in Phoenix,2026-09-14
Sun Devil Auto,(480) 300-7638,13226 North La Montana Drive Fountain Hills AZ 85268,,,,osm:way:520942180,osm overpass car_repair in Phoenix,2026-09-14
Kelley's Auto Repair,(480) 836-9100,13211 North La Montana Drive Fountain Hills AZ 85268,,,,osm:way:521364057,osm overpass car_repair in Phoenix,2026-09-14
Brakes Plus,(480) 785-7700,15635 South 48th Street Phoenix AZ 85048,https://www.brakesplus.com,,,osm:way:524325623,osm overpass car_repair in Phoenix,2026-09-14
Discount Tire,(480) 837-2036,16745 East Shea Boulevard Fountain Hills AZ 85268,,,,osm:way:561130924,osm overpass car_repair in Phoenix,2026-09-14
16th Street Tire Shop & Auto Service,(602) 753-7418,402 North 16th Street Phoenix AZ 85006-3709,http://www.16sttiresandservice.pro,,,osm:way:561160609,osm overpass car_repair in Phoenix,2026-09-14
Sandy & Sons Auto Service,(480) 830-1999,2830 East McKellips Road Mesa AZ 85213,,,,osm:way:562323458,osm overpass car_repair in Phoenix,2026-09-14
Big O Tires,(480) 836-1680,11429 North Saguaro Boulevard Fountain Hills AZ 85268,,,,osm:way:563753564,osm overpass car_repair in Phoenix,2026-09-14
Liberty Auto Center,(480) 837-1620,11625 North Saguaro Boulevard Phoenix AZ,,,,osm:way:563995925,osm overpass car_repair in Phoenix,2026-09-14
Penske Automotive Collision,(480) 941-8800,350 North Hayden Road Scottsdale AZ 85257,https://www.penskeautomotivecollision.com/,,,osm:way:588752711,osm overpass car_repair in Phoenix,2026-09-14
Crash Champions,(480) 539-9292,1740 West Elliot Road Gilbert AZ 85233,https://crashchampions.com/locations/crash-champions-elliot,,,osm:way:592892506,osm overpass car_repair in Phoenix,2026-09-14
HON-MAN Auto Care,(480) 377-0638,1864 East Apache Boulevard Tempe AZ 85281,,,,osm:way:608442289,osm overpass car_repair in Phoenix,2026-09-14
Brakes Plus,(480) 969-9001,1961 South Country Club Drive Mesa AZ 85210,https://www.brakesplus.com,,,osm:way:630354352,osm overpass car_repair in Phoenix,2026-09-14
Pete Nelson Automotive,(623) 974-4723,9000 North 103rd Avenue Sun City AZ 85351,,,,osm:way:667783850,osm overpass car_repair in Phoenix,2026-09-14
Redburn Tire Co.,(480) 962-0435,2339 North Country Club Drive Mesa AZ 85201,https://www.redburntireco.com/,,,osm:way:674809323,osm overpass car_repair in Phoenix,2026-09-14
Brakes Plus,(623) 214-1900,16839 North Reems Road Surprise AZ 85374,https://www.brakesplus.com,,,osm:way:733802396,osm overpass car_repair in Phoenix,2026-09-14
Brake Masters,(480) 575-8777,4603 East Carefree Highway Cave Creek AZ 85331,https://www.brakemasters.com/stores/4603-e-carefree-hwy-phoenix-az/,,,osm:way:761290848,osm overpass car_repair in Phoenix,2026-09-14
Discount Tire,(480) 905-1262,7075 East Shea Boulevard Scottsdale AZ 85253;85254,https://www.discounttire.com/store/az/scottsdale/s/1284,,,osm:way:837139022,osm overpass car_repair in Phoenix,2026-09-14
Wilhelm,(602) 581-8181,15275 North 35th Avenue Phoenix AZ 85053,https://www.wilhelmautomotive.com/locations/greenway,,,osm:way:842274287,osm overpass car_repair in Phoenix,2026-09-14
Crash Champions Collision Repair Surprise,(623) 806-8701,12990 West Bell Road Surprise AZ 85378,https://crashchampions.com/locations/crash-champions-surprise,,,osm:way:847288928,osm overpass car_repair in Phoenix,2026-09-14
Brakes Plus,(602) 298-1516,18415 North 35th Avenue Phoenix AZ 85053,https://www.brakesplus.com,,,osm:way:889112752,osm overpass car_repair in Phoenix,2026-09-14
Christian Brothers Automotive,(623) 526-2520,5400 West Happy Valley Road Phoenix AZ 85083,https://www.cbac.com,,,osm:way:891396951,osm overpass car_repair in Phoenix,2026-09-14
Brakes Plus,(480) 977-1280,760 North Estrella Parkway Goodyear AZ 85338,,,,osm:way:896035057,osm overpass car_repair in Phoenix,2026-09-14
Firestone,(480) 400-8891,6915 North Pima Road Scottsdale AZ 85250,https://www.firestonecompleteautocare.com,,,osm:way:906602189,osm overpass car_repair in Phoenix,2026-09-14
Pavilions Auto Care,(480) 596-3800,9030 East Talking Stick Way Scottsdale AZ 85258,,,,osm:way:907136005,osm overpass car_repair in Phoenix,2026-09-14
Jiffy Lube,(480) 905-1817,7065 East Shea Boulevard Scottsdale AZ 85253,https://www.jiffylube.com/locations/az/scottsdale/1728,,,osm:way:907778407,osm overpass car_repair in Phoenix,2026-09-14
Sun Devil Auto,(480) 757-8247,8919 East San Victor Drive Scottsdale AZ 85258,https://www.sundevilauto.com/locations/scottsdale-17/,,,osm:way:907921598,osm overpass car_repair in Phoenix,2026-09-14
Firestone,(480) 900-3758,9396 North 90th Street Scottsdale AZ 85258,https://www.firestonecompleteautocare.com/,,,osm:way:907921599,osm overpass car_repair in Phoenix,2026-09-14
Brakes Plus,(623) 878-7790,6635 West Bell Road Glendale AZ 85308,https://www.brakesplus.com,,,osm:way:916861703,osm overpass car_repair in Phoenix,2026-09-14
Brakes Plus,(623) 362-0058,8380 West Deer Valley Road Peoria AZ 85383,https://www.brakesplus.com,,,osm:way:924868157,osm overpass car_repair in Phoenix,2026-09-14
Greulich's Automotive Repair,(602) 368-8881,5208 West Bell Road Glendale AZ 85308,https://www.greulichs.com/,,,osm:way:937127429,osm overpass car_repair in Phoenix,2026-09-14
Champs Family Automotive Surprise,(623) 376-6791,17141 North Dysart Road Surprise AZ 85378,https://champsfamilyautomotive.com/contact/,,,osm:way:938126520,osm overpass car_repair in Phoenix,2026-09-14
DTB Transmissions,(602) 997-1653,1710 West Hatcher Road Phoenix AZ 85021,,,,osm:way:941993052,osm overpass car_repair in Phoenix,2026-09-14
Big O Tires,(602) 842-0686,2420 West Northern Avenue Phoenix AZ 85021,https://www.bigotires.com/location/az/phoenix/2420-w-northern-ave-85021/004231,,,osm:way:942944939,osm overpass car_repair in Phoenix,2026-09-14
Wilhelm Automotive,(623) 925-1571,3900 South Estrella Parkway Goodyear AZ 85338,,,,osm:way:945882995,osm overpass car_repair in Phoenix,2026-09-14
Express Oil Change & Tire Engineers,(480) 765-2235,1325 West Warner Road Tempe AZ 85284,https://www.expressoil.com/stores/tempe/az/3500/,,,osm:way:986389429,osm overpass car_repair in Phoenix,2026-09-14
Crash Champions,(480) 641-5500,5620 East Baseline Road Mesa AZ 85206,https://crashchampions.com/locations/crash-champions-baseline,,,osm:way:988813907,osm overpass car_repair in Phoenix,2026-09-14
Quality Glass Service LLC,(602) 349-7267,1948 East Decatur Street Mesa AZ 85203,https://www.qualityglassaz.com/,,,osm:way:993767501,osm overpass car_repair in Phoenix,2026-09-14
Service King Goodyear,(623) 289-8854,13820 West Test Drive Goodyear AZ 85338,,,,osm:way:995004766,osm overpass car_repair in Phoenix,2026-09-14
Gemba Automotive,(480) 935-5277,2035 West Broadway Mesa AZ 85202,https://www.gembaautomotive.com/mesa-broadway-location,,,osm:way:1001912742,osm overpass car_repair in Phoenix,2026-09-14
Jiffy Lube,(623) 925-5404,1209 North Dysart Road Avondale AZ 85323,,,,osm:way:1005424426,osm overpass car_repair in Phoenix,2026-09-14
Brake Masters,(623) 237-9410,600 North Dysart Road Goodyear AZ 85338,https://www.brakemasters.com/,,,osm:way:1005425839,osm overpass car_repair in Phoenix,2026-09-14
All About Transmissions,(623) 289-7718,630 North Dysart Road Goodyear AZ 85338,,,,osm:way:1005425840,osm overpass car_repair in Phoenix,2026-09-14
Brakes Plus,(480) 565-1060,1840 West Happy Valley Road Phoenix AZ 85085,https://www.brakesplus.com,,,osm:way:1015137968,osm overpass car_repair in Phoenix,2026-09-14
Jiffy Lube,(623) 882-8377,115 East Van Buren Street Avondale AZ 85323,,,,osm:way:1093508103,osm overpass car_repair in Phoenix,2026-09-14
Valvoline,(480) 561-2944,14058 West Waddell Road Surprise AZ 85379,https://store.vioc.com/az/surprise/oil-change-090046.html,,,osm:way:1136593930,osm overpass car_repair in Phoenix,2026-09-14
AAA Surprise Auto Repair Center,(623) 209-0120,13020 West Bell Road Surprise AZ 85378,https://mwg.aaa.com/agent-office-locations/az/surprise/aaa-surprise-auto-repair-center,,,osm:way:1164787960,osm overpass car_repair in Phoenix,2026-09-14
Sun Devil Auto,(623) 250-4000,13850 West Test Drive Goodyear AZ 85338,,,,osm:way:1240252278,osm overpass car_repair in Phoenix,2026-09-14
Take 5 Oil Change,(480) 630-2676,1485 North Dysart Road Avondale AZ 85323,https://www.take5.com/,,,osm:way:1329137819,osm overpass car_repair in Phoenix,2026-09-14
Kelley's Machine Shop,(602) 395-1260,1706 West Hatcher Road Phoenix AZ 85021,,,,osm:way:1349933608,osm overpass car_repair in Phoenix,2026-09-14
Christian Brothers Automotive,(480) 376-7629,4075 East Cottonwood Lane Phoenix AZ 85048,,,,osm:way:1351684478,osm overpass car_repair in Phoenix,2026-09-14
Big O Tires,(623) 226-7525,28376 North Vistancia Boulevard Peoria AZ 85383,,,,osm:way:1483442052,osm overpass car_repair in Phoenix,2026-09-14
CAMPOS AUTO BODY LLC,(623) 203-2586,317 North 11th Place Phoenix,,,,osm:way:1537238662,osm overpass car_repair in Phoenix,2026-09-14
"Imperial Auto Works, Inc.",(847) 679-6800,3620 Oakton Street Skokie IL 60076,http://imperialautoworksinc.com,,,osm:node:424268072,osm overpass car_repair in Chicago,2026-09-14
Carfix Auto Center and Bodyshop,(773) 279-9914,Chicago 60625,http://carfixchicago.com,,,osm:node:2066009537,osm overpass car_repair in Chicago,2026-09-14
Sam's Auto Repair,(847) 440-4433,2311 Main Street Evanston 60202,https://www.samscarrepair.com/,,,osm:node:2294252530,osm overpass car_repair in Chicago,2026-09-14
A&A Transmission Corp.,(847) 492-1194,1322 Dodge Avenue Evanston IL 60201,,,,osm:node:2295218814,osm overpass car_repair in Chicago,2026-09-14
H&R Auto Center,(708) 771-6900,805 Hannah Avenue Forest Park IL 60130,,,,osm:node:4201274391,osm overpass car_repair in Chicago,2026-09-14
Forest Park Auto,(708) 427-0900,7535 Roosevelt Road Forest Park IL 60130,,,,osm:node:4203574599,osm overpass car_repair in Chicago,2026-09-14
Bill's Automotive,(708) 771-4107,1501 Circle Avenue Forest Park IL 60130,,,,osm:node:4203603790,osm overpass car_repair in Chicago,2026-09-14
Forest Automotive,(708) 366-1002,950 Des Plaines Avenue Forest Park IL 60130,,,,osm:node:4203603897,osm overpass car_repair in Chicago,2026-09-14
Bump City's Body Craft Inc.,(708) 848-3400,7050 West Roosevelt Road Oak Park IL 60304,,,,osm:node:4213292393,osm overpass car_repair in Chicago,2026-09-14
K-D Auto Service,(773) 274-8601,6419 North California Avenue Chicago IL 60645,http://k-dautoservice.com,,,osm:node:4541001716,osm overpass car_repair in Chicago,2026-09-14
BJ's Auto Repair,(773) 625-2322,3820 North Harlem Avenue Chicago IL 60634,https://www.bjsautorepair.com/,,,osm:node:5738930429,osm overpass car_repair in Chicago,2026-09-14
Accurate Auto,(708) 233-7728,7438 West 90th Street Bridgeview IL 60455,https://www.accurateautos.com/,,,osm:node:6026635479,osm overpass car_repair in Chicago,2026-09-14
Ed's Auto Interiors and Marine Canvas,(630) 530-4163,50 East Hill Street Villa Park IL 60181,http://www.edsautointeriors.com,,,osm:node:6027039394,osm overpass car_repair in Chicago,2026-09-14
Express Oil Change & Tire Engineers,(630) 541-5540,25 West 63rd Street Westmont IL 60559,https://www.expressoil.com/stores/westmont/il/1710/,,,osm:node:6522268846,osm overpass car_repair in Chicago,2026-09-14
Lara Auto Service 2,(773) 585-9040,4817 South Knox Avenue Chicago IL 60632,http://laraautoservice2.com,,,osm:node:6588181256,osm overpass car_repair in Chicago,2026-09-14
Alvaro’s Tire Shop,(773) 688-5874,717 North Cicero Avenue Chicago IL 60644,http://alvarostireshop.com,,,osm:node:6726389571,osm overpass car_repair in Chicago,2026-09-14
Apple Chevrolet Parts,(708) 336-3167,8585 West 159th Street Tinley Park IL 60487,,,,osm:node:6894923515,osm overpass car_repair in Chicago,2026-09-14
A-OK Automotive Collison Center,(773) 581-7979,5805 South Archer Avenue Chicago IL 60638,https://www.a-okautomotive.net/,,,osm:node:8144849182,osm overpass car_repair in Chicago,2026-09-14
Erie LaSalle Body Shop,(312) 337-3903,1005 West Huron Street Chicago IL 60642,https://erielasalle.com,,,osm:node:8983729602,osm overpass car_repair in Chicago,2026-09-14
Logic Automotive,(708) 480-7400,Chicago,,,,osm:node:9502897949,osm overpass car_repair in Chicago,2026-09-14
"Benak Service, Inc.",(708) 246-4813,701 Burlington Avenue Western Springs IL 60558,https://www.benakservice.com/,,,osm:node:9603239075,osm overpass car_repair in Chicago,2026-09-14
Auto Doc,(630) 601-7141,10S644 Chicago,https://www.autodoc2.com/,,,osm:node:9819086576,osm overpass car_repair in Chicago,2026-09-14
Fair Muffler,(708) 345-2011,Chicago,https://fairmuffleril.com/,,,osm:node:9948866691,osm overpass car_repair in Chicago,2026-09-14
The Car Care Nut Automotive,(708) 840-8226,15751 Annico Drive Homer Glen IL 60491,https://tccnautomotive.com,,,osm:node:10229586697,osm overpass car_repair in Chicago,2026-09-14
Express Tires,(773) 800-6428,1901 South Laramie Avenue Cicero IL 60804,,,,osm:node:11110837108,osm overpass car_repair in Chicago,2026-09-14
Hawk Motors,(773) 248-1200,4080 North Broadway Chicago,,,,osm:node:11242037986,osm overpass car_repair in Chicago,2026-09-14
I & C Auto Repair,(773) 549-8254,3454 North Sheffield Avenue Chicago IL 60657,,,,osm:node:11294373337,osm overpass car_repair in Chicago,2026-09-14
Sun Auto Werks,(773) 205-9990,4430 West Lawrence Avenue Chicago IL 60630,,,,osm:node:11702293734,osm overpass car_repair in Chicago,2026-09-14
Jay's Auto Body,(708) 897-9575,6355 West College Drive Palos Heights IL 60463,https://jaysautobodypalosheights.com,,,osm:node:12162042129,osm overpass car_repair in Chicago,2026-09-14
The Rim Plug (The Chrome Depot),(708) 776-3119,1817 South 55th Avenue Cicero IL 60804,https://www.facebook.com/thechromedepot,,,osm:node:12404106906,osm overpass car_repair in Chicago,2026-09-14
Route 66 Auto Service,(630) 920-0905,7551 South Madison Street Willowbrook IL 60527,https://www.rt66autoservice.com,,,osm:node:12714701631,osm overpass car_repair in Chicago,2026-09-14
"Martinez Auto Body, L.L.C.",(219) 852-0718,630 State Street Hammond IN 46320,https://martinezautobody.com/,,,osm:node:13231654123,osm overpass car_repair in Chicago,2026-09-14
Uno Auto Service,(773) 625-0299,8335 West Irving Park Road Chicago IL 60634,,,,osm:node:13373171143,osm overpass car_repair in Chicago,2026-09-14
Aqualux Auto Spa,(847) 904-2160,1822 Pickwick Avenue Glenview IL 60026,https://www.aqualuxautospa.com/,,,osm:node:13382125902,osm overpass car_repair in Chicago,2026-09-14
Lalo's Auto Body,+1-773-968-5485;+1-872-888-7801,8621 Lincoln Avenue Morton Grove IL 60053,,,,osm:node:13397876501,osm overpass car_repair in Chicago,2026-09-14
Archer Premier Tire Shop,(773) 735-4760,4825 South Archer Avenue Chicago IL 60632,https://archerpremiertireshop.com/,,,osm:node:13500806115,osm overpass car_repair in Chicago,2026-09-14
C&T Auto Services,(773) 437-3082,9200 South Stony Island Avenue Chicago IL 60617-3638,https://candtautoservices.com/,,,osm:node:13634928256,osm overpass car_repair in Chicago,2026-09-14
My Mechanic,(630) 325-2680,144 Burlington Avenue Clarendon Hills IL,http://www.mymechanic.net/,,,osm:node:13732861402,osm overpass car_repair in Chicago,2026-09-14
Busse Automotive And Detail Center,(847) 253-1634,113 East Prospect Avenue Chicago 60056,https://busseautocare.com/,,,osm:node:13796166101,osm overpass car_repair in Chicago,2026-09-14
Midwest Auto Body Shop Inc.,(708) 450-0700,1327 North 31st Avenue Melrose Park IL 60160,https://www.midwestautobodyshop.com/,,,osm:node:13825501043,osm overpass car_repair in Chicago,2026-09-14
Rojas Auto Service,(773) 247-9318,1850 West 33rd Street Chicago 60608,https://www.rojasautoservice.com/,,,osm:node:13984165801,osm overpass car_repair in Chicago,2026-09-14
GreatWater 360 Auto Care,(847) 724-0131,980 Shermer Road Glenview IL 60025,,,,osm:node:14032203707,osm overpass car_repair in Chicago,2026-09-14
Cassidy Tire and Service,(708) 290-1349,7227 North Avenue Chicago 60305,,,,osm:node:14073284201,osm overpass car_repair in Chicago,2026-09-14
Abes Auto Truck Repair,(708) 652-7516,5501 West 25th Street Cicero IL 60804,,,,osm:node:14135843307,osm overpass car_repair in Chicago,2026-09-14
Cermak Automotive,(708) 652-1155,5323 West Cermak Road Cicero IL 60804,,,,osm:node:14141179998,osm overpass car_repair in Chicago,2026-09-14
G & S Tire Repair,(708) 780-9310,5321 West Cermak Road Cicero IL 60804,,,,osm:node:14141185269,osm overpass car_repair in Chicago,2026-09-14
Grand Auto Center,(312) 226-1500,1401 West Grand Avenue Chicago IL 60642,https://www.napaonline.com/en/autocare/?facilityId=576008,,,osm:node:14150041252,osm overpass car_repair in Chicago,2026-09-14
Gateway Auto Service,(773) 342-7105,2057 West Division Street Chicago IL 60622,https://gatewayautochicago.net/,,,osm:node:14152336535,osm overpass car_repair in Chicago,2026-09-14
JC Garage,(872) 342-3850,2523-2527 South Archer Avenue Chicago,,,,osm:node:14173506402,osm overpass car_repair in Chicago,2026-09-14
Cosmetic Auto,(773) 763-7400,6166-6174 North Northwest Highway Chicago IL 60631,,,,osm:way:163331423,osm overpass car_repair in Chicago,2026-09-14
Chicago Car Care,(773) 761-1202,5419 North Kedzie Avenue Chicago IL 60625,,,,osm:way:164020304,osm overpass car_repair in Chicago,2026-09-14
Doc Able's Auto Clinic,(847) 475-3600,936 Chicago Avenue Evanston IL 60202,https://docable.com/,,,osm:way:168764391,osm overpass car_repair in Chicago,2026-09-14
Kraftsmen Auto Body,(773) 525-1907,3149-3151 North Clybourn Avenue Chicago IL 60618,https://www.kraftsmenauto.com/,,,osm:way:209457519,osm overpass car_repair in Chicago,2026-09-14
Lincoln Square Service,(773) 561-9300,4754 North Leavitt Street Chicago,https://www.lincolnsquareautoservice.com/,,,osm:way:209478239,osm overpass car_repair in Chicago,2026-09-14
"Hollywood Services, Inc.",(773) 561-9458,5656 North Western Avenue Chicago IL 60659,https://www.hollywoodservicesinc.com,,,osm:way:209486530,osm overpass car_repair in Chicago,2026-09-14
Augusta & Paulina Auto Service,(773) 486-9768,1700 West Augusta Boulevard Chicago,https://www.aandpautorepair.com/,,,osm:way:209848025,osm overpass car_repair in Chicago,2026-09-14
Arandas Tires & Rims,(773) 252-6292,1501-1511 North Ashland Avenue Chicago IL 60642,,,,osm:way:209864518,osm overpass car_repair in Chicago,2026-09-14
Pit Stop 500,(773) 667-7222,7000 South Stony Island Avenue Chicago IL 60649,https://pitstop500.webs.com,,,osm:way:211175299,osm overpass car_repair in Chicago,2026-09-14
Leon's Complete Auto Repair,(773) 646-2896,13359 South Baltimore Avenue Chicago IL 60633,,,,osm:way:211326337,osm overpass car_repair in Chicago,2026-09-14
Cabrales Auto Repair,(773) 646-5500,12958 South Carondolet Avenue Chicago IL 60633,,,,osm:way:211331098,osm overpass car_repair in Chicago,2026-09-14
Jara's Auto Rebuilders,(773) 768-5523,9601 South Ewing Avenue Chicago IL 60617,,,,osm:way:211395763,osm overpass car_repair in Chicago,2026-09-14
Stanfa Tire and Auto,(708) 596-9292,16220 Prince Drive South Holland IL 60473,https://www.stanfatire.com/,,,osm:way:237067446,osm overpass car_repair in Chicago,2026-09-14
Supreme Auto Repair,(847) 213-0573,3550 Dempster Street Skokie IL 60076,,,,osm:way:414595519,osm overpass car_repair in Chicago,2026-09-14
Belle Tire,(708) 675-2240,9526 West 159th Street Orland Park IL 60467,https://www.belletire.com/stores/detail/169/belle-tire-orland-park-il,,,osm:way:470090070,osm overpass car_repair in Chicago,2026-09-14
Arrow Body and Fender,(708) 456-9424,7536 West Grand Avenue Elmwood Park IL 60707,,,,osm:way:550917222,osm overpass car_repair in Chicago,2026-09-14
Arlington Standard,(847) 259-1458,300 West Northwest Highway Arlington Heights IL 60004,,,,osm:way:611283948,osm overpass car_repair in Chicago,2026-09-14
Popular Mufflers & Brakes,(224) 735-3222,Chicago,,,,osm:way:611283949,osm overpass car_repair in Chicago,2026-09-14
Hollywood Motors,(708) 485-9333,3637 Woodside Avenue Chicago,https://www.hollywoodmotorsinc.com/,,,osm:way:615349336,osm overpass car_repair in Chicago,2026-09-14
N&A Auto Repairs,(847) 859-6191,1701 Howard Street Evanston IL 60202,,,,osm:way:837638673,osm overpass car_repair in Chicago,2026-09-14
Bob Carter's Auto Body Inc,(630) 852-3578,4309 Fairview Avenue Downers Grove IL 60515,https://bobcartersautobody.com/,,,osm:way:850669638,osm overpass car_repair in Chicago,2026-09-14
10 Second Automotive,(708) 897-0764,13406 Pulaski Road Robbins IL 60472,https://www.facebook.com/10secondautomotive,,,osm:way:928747163,osm overpass car_repair in Chicago,2026-09-14
D.M.J. Automotive,(708) 352-5767,603 South La Grange Road La Grange IL 60525,https://dmjautomotive.com/,,,osm:way:944349241,osm overpass car_repair in Chicago,2026-09-14
Montrose Shell Service Center,(773) 866-1235,4346 North Western Avenue Chicago IL 60618,,,,osm:way:963488194,osm overpass car_repair in Chicago,2026-09-14
Highline Automotive,(708) 482-4900,9675 West 55th Street Countryside IL 60525,https://www.highlineautorepair.com/,,,osm:way:1055483166,osm overpass car_repair in Chicago,2026-09-14
Bimmer Performance Source,(847) 260-8350,205 W North Avenue Villa Park IL 60181,,,,osm:way:1102721217,osm overpass car_repair in Chicago,2026-09-14
Bridgeview Auto Center,(708) 598-3155,9059 Harlem Avenue Bridgeview IL 60455,https://www.bridgeviewautocenter.com/,,,osm:way:1222283895,osm overpass car_repair in Chicago,2026-09-14
Cars Automotive Inc,(708) 687-6687,6114 West 159th Street Oak Forest IL 60452,,,,osm:way:1291094082,osm overpass car_repair in Chicago,2026-09-14
Firestone,(847) 916-1134,2550 North Mannheim Road Franklin Park IL 60131,https://local.firestonecompleteautocare.com/illinois/franklin-park/2550-mannheim-rd/,,,osm:way:1330653471,osm overpass car_repair in Chicago,2026-09-14
George's Auto Repair,(708) 865-9080,1835 South Mannheim Road Westchester IL 60154,https://georgeswestchester.com/,,,osm:way:1352577396,osm overpass car_repair in Chicago,2026-09-14
TrueTech Automotive,(847) 299-8783,797 South 1st Avenue Des Plaines IL 60016,https://www.truetechauto.com/,,,osm:way:1429855063,osm overpass car_repair in Chicago,2026-09-14
Grease Monkey,(303) 604-2159,375 Waneka Parkway Lafayette CO 80026,https://www.greasemonkeyauto.com/lafayette-colorado-80026-center-618,,,osm:node:417208372,osm overpass car_repair in Denver,2026-09-14
Brakes Plus,(303) 972-9400,5800 South Kipling Parkway Littleton CO 80127,https://www.brakesplus.com,,,osm:node:618498575,osm overpass car_repair in Denver,2026-09-14
Big O Tires,(303) 766-5500,18431 East Hampden Avenue Aurora CO 80013,https://www.bigotires.com/,,,osm:node:1318370685,osm overpass car_repair in Denver,2026-09-14
Grease Monkey,(303) 680-4965,18401 East Hampden Avenue Aurora CO 80013,http://www.greasemonkeyaurora740.com,,,osm:node:1318370688,osm overpass car_repair in Denver,2026-09-14
Autovisions,(303) 761-5100,3701 South Santa Fe Drive Denver 80110,http://www.autovisionsco.net/,,,osm:node:1344835912,osm overpass car_repair in Denver,2026-09-14
Louisville Tire and Auto Care,(303) 665-4902,1190 Griffith Street Louisville CO 80027,https://louisvilletireandautocare.com/,,,osm:node:1586388651,osm overpass car_repair in Denver,2026-09-14
Cooper's Automotive,(303) 665-3700,905 South Public Road Lafayette CO 80026,,,,osm:node:1593504428,osm overpass car_repair in Denver,2026-09-14
Front Range Tire & Auto,(303) 750-3554,3005 South Peoria Street Aurora CO 80014,https://www.goodyear.com/en-US/tire-shop/Aurora+CO+80014+US/000168845,,,osm:node:1746192630,osm overpass car_repair in Denver,2026-09-14
Coal Creek Collision Center,(303) 666-4100,Denver,https://www.coalcreekcollision.com/,,,osm:node:2110211152,osm overpass car_repair in Denver,2026-09-14
Walmart Auto Care Center,(303) 683-3652,Denver,https://www.walmart.com/store/1252-highlands-ranch-co/auto-care-center,,,osm:node:2330009362,osm overpass car_repair in Denver,2026-09-14
Jiffy Lube,(303) 369-6124,7697 East Iliff Avenue Denver 80231,https://www.jiffylube.com/,,,osm:node:2426370307,osm overpass car_repair in Denver,2026-09-14
Grease Monkey,(303) 343-8200,9640 East Alameda Avenue Denver CO 80247,http://www.greasemonkeydenver1078.com/,,,osm:node:2524950709,osm overpass car_repair in Denver,2026-09-14
Tires Plus,(720) 443-4263,790 South Abilene Street Aurora 80012,https://www.tiresplus.com/,,,osm:node:2526028074,osm overpass car_repair in Denver,2026-09-14
Walmart Tire & Lube,(720) 748-1000,9400 East Hampden Avenue Denver CO 80231,https://www.walmart.com/,,,osm:node:2752943312,osm overpass car_repair in Denver,2026-09-14
Suss Buick GMC,(303) 751-3400,1301 South Havana Street Denver 80012,http://suss.net,,,osm:node:2763319318,osm overpass car_repair in Denver,2026-09-14
Goodyear Auto Service,(303) 341-4360,1060 South Havana Street Aurora CO 80012,https://www.goodyearautoservice.com/,,,osm:node:2763406404,osm overpass car_repair in Denver,2026-09-14
Grease Monkey,(303) 692-9115,7225 East Hampden Avenue Denver 80231,http://greasemonkeydenver446.com,,,osm:node:2782452440,osm overpass car_repair in Denver,2026-09-14
Discount Tire,(303) 692-0802,6901 East Hampden Avenue Denver CO 80224,https://www.discounttire.com,,,osm:node:2784749776,osm overpass car_repair in Denver,2026-09-14
Bob's Service,(303) 320-9640,7453 East Colfax Avenue Denver CO 80220,https://www.bobsvolvo.com/,,,osm:node:2794063566,osm overpass car_repair in Denver,2026-09-14
Circle Drive Conoco,(303) 377-5545,2300 East 6th Avenue Denver 80206,http://conocophillips.com,,,osm:node:2797919111,osm overpass car_repair in Denver,2026-09-14
8th Avenue Conoco,(303) 322-0148,4242 East 8th Avenue Denver 80220,,,,osm:node:2892650231,osm overpass car_repair in Denver,2026-09-14
Aurora Hills Tire & Automotive,(303) 366-7468,350 South Potomac Street Denver 80012,http://ahaautomotive.com,,,osm:node:2903634715,osm overpass car_repair in Denver,2026-09-14
Precision Auto Body,(303) 366-4134,92 South Havana Street Aurora CO 80012,http://www.precisionautobody.us/,,,osm:node:2906592156,osm overpass car_repair in Denver,2026-09-14
Dave's Automotive,(303) 835-4178,70 South Havana Street Aurora 80012,http://auroraautorepairservice.net,,,osm:node:2906592177,osm overpass car_repair in Denver,2026-09-14
Alex Auto Repair,(720) 859-2626,3596 Moline Street Aurora CO 80010,,,,osm:node:2918099844,osm overpass car_repair in Denver,2026-09-14
Abra Auto Body & Glass,(303) 337-1335,1690 South Abilene Street Denver 80012,https://abraauto.com/,,,osm:node:2925527479,osm overpass car_repair in Denver,2026-09-14
Meineke,(303) 695-1246,7637 East Iliff Avenue Denver 80231,https://www.meineke.com/,,,osm:node:2928733265,osm overpass car_repair in Denver,2026-09-14
Import Sports Performance,(303) 752-2242,7667 East Iliff Avenue Denver 80231,https://importsports.net/,,,osm:node:2928733273,osm overpass car_repair in Denver,2026-09-14
Pro Import Automotive,(303) 337-6258,7667 East Iliff Avenue Denver 80231,http://proimportllc.com,,,osm:node:2928733285,osm overpass car_repair in Denver,2026-09-14
Firestone Central Park,(303) 696-8473,7667 East Iliff Avenue Denver 80231,,,,osm:node:2928733335,osm overpass car_repair in Denver,2026-09-14
Abra Auto Body & Glass,(303) 338-8107,12000 East Iliff Avenue Denver 80014,https://www.abraauto.com/,,,osm:node:2934850778,osm overpass car_repair in Denver,2026-09-14
MK Services,(303) 340-3991,9230 East Colfax Avenue Aurora CO 80010,,,,osm:node:2976591639,osm overpass car_repair in Denver,2026-09-14
Exhaust Pros with Tires,(303) 367-4900,9440 East Colfax Avenue Aurora CO 80010,http://exhaustproswithtires.com,,,osm:node:2976853830,osm overpass car_repair in Denver,2026-09-14
Discount Tire,(303) 364-7295,11008 East Colfax Avenue Aurora 80010,https://www.discounttire.com,,,osm:node:2976909936,osm overpass car_repair in Denver,2026-09-14
Grease Monkey,(303) 360-9989,1527 Peoria Street Denver 80010,https://www.greasemonkeyaurora981.com/,,,osm:node:2976909939,osm overpass car_repair in Denver,2026-09-14
Len Lyall Chevrolet,(303) 344-3100,14500 East Colfax Avenue Denver 80011,http://lenlyallchevrolet.com,,,osm:node:2988960142,osm overpass car_repair in Denver,2026-09-14
Davidson's Motors,(720) 859-7403,14300 East Colfax Avenue Denver 80011,https://davidsonsmotors.com/,,,osm:node:2989080480,osm overpass car_repair in Denver,2026-09-14
Meineke,(303) 344-0551,Denver,,,,osm:node:2989080493,osm overpass car_repair in Denver,2026-09-14
Tilden Car Care,(303) 340-2901,606 Peoria Street Aurora 80011,http://www.tildencarcare.com/,,,osm:node:2991972665,osm overpass car_repair in Denver,2026-09-14
Econo Lube 'N Tune,(303) 757-2468,2223 South Monaco Parkway Denver CO 80222,https://www.econolube.com/,,,osm:node:3123384069,osm overpass car_repair in Denver,2026-09-14
TJ Auto Repair,(303) 343-8849,3558 Peoria Street Aurora 80010,,,,osm:node:3285033977,osm overpass car_repair in Denver,2026-09-14
Edgewater Glass and Mirror,(303) 234-1027,2217 Sheridan Boulevard Edgewater CO 80214,,,,osm:node:3358908362,osm overpass car_repair in Denver,2026-09-14
Quick Lane Tire & Auto,(303) 782-9137,5250 East Evans Avenue Denver 80222,https://www.quicklane.com/,,,osm:node:3406580248,osm overpass car_repair in Denver,2026-09-14
Alba's Auto & Truck Repair,(303) 922-7960,105 Harlan Street Lakewood 80226,https://sites.google.com/site/albasautorepair/,,,osm:node:3409977669,osm overpass car_repair in Denver,2026-09-14
BesTires,(303) 237-1386,Sheridan Boulevard Lakewood 80226,,,,osm:node:3415286909,osm overpass car_repair in Denver,2026-09-14
Stevinson Toyota Scion West Service Center,(877) 221-8965,780 Indiana Street Lakewood 80401,https://www.stevinsontoyotawest.com/Toyota-Service-Center,,,osm:node:3418984453,osm overpass car_repair in Denver,2026-09-14
Auto Service House,(303) 755-6217,2240 South Quebec Street Denver 80231,https://www.autoservicehouse.com/,,,osm:node:3451485014,osm overpass car_repair in Denver,2026-09-14
Peerless Tires,(303) 755-3830,2235 South Syracuse Way Denver 80231,https://www.peerlesstyreco.com/,,,osm:node:3451485016,osm overpass car_repair in Denver,2026-09-14
Meineke,(303) 766-0600,18771 East Hampden Avenue Aurora CO 80013,https://www.meineke.com/,,,osm:node:3485522293,osm overpass car_repair in Denver,2026-09-14
Sixth Avenue Auto Service,(303) 399-4087,1570 South Holly Street Denver 80222,http://www.sixthaveauto.com/,,,osm:node:3520404355,osm overpass car_repair in Denver,2026-09-14
Ken's Auto Service,(303) 743-9800,15293 East Mississippi Avenue Aurora CO 80012,,,,osm:node:3540617458,osm overpass car_repair in Denver,2026-09-14
Big O Tires,(303) 337-9631,15320 East Iliff Avenue Aurora 80013,https://www.bigotires.com/Location/CO/Aurora/80013/006248/0/8a96a4ca-acd4-4892-82ee-781c7db1186f,,,osm:node:3561940509,osm overpass car_repair in Denver,2026-09-14
Perry & Sons Auto Services,(303) 238-9046,5208 West 26th Avenue Edgewater CO 80214,,,,osm:node:3624011199,osm overpass car_repair in Denver,2026-09-14
El Colorado Tire & Wheels,(303) 237-5650,2245 Sheridan Boulevard Edgewater CO 80214,,,,osm:node:3624046250,osm overpass car_repair in Denver,2026-09-14
Walmart Tire & Lube Express,(303) 274-5219,7455 West Colfax Avenue Lakewood 80214,,,,osm:node:3628013042,osm overpass car_repair in Denver,2026-09-14
Extreme Autoworks,(303) 233-0033,9901 West Colfax Avenue Lakewood CO 80215,https://extremeaw.com,,,osm:node:3630721085,osm overpass car_repair in Denver,2026-09-14
Hi-Tech Import Automotive,(303) 988-2868,961 South Kipling Parkway Lakewood 80226,http://www.hi-techimportautomotive.com,,,osm:node:3659674534,osm overpass car_repair in Denver,2026-09-14
Brakes Plus,(303) 627-0800,5594 South Gibraltar Way Centennial CO 80015,https://www.brakesplus.com,,,osm:node:3808266586,osm overpass car_repair in Denver,2026-09-14
Crash Champions,(303) 805-1970,10322 Dransfeldt Road Parker CO 80134,https://crashchampions.com/locations/crash-champions-parker,,,osm:node:4034739817,osm overpass car_repair in Denver,2026-09-14
Ellis Automotive,(720) 870-2502,3594 South Tower Road Aurora CO 80013,https://elliscarcareinc.com/,,,osm:node:4141886864,osm overpass car_repair in Denver,2026-09-14
DIY Auto Shop,(303) 429-4000,Denver,,,,osm:node:4234468019,osm overpass car_repair in Denver,2026-09-14
Johnny Good Inc.,(303) 367-2416,366 Norfolk Street Aurora CO 80011,,,,osm:node:4351936579,osm overpass car_repair in Denver,2026-09-14
Kim's Auto Repair & Body Shop,(303) 364-6270,312 Norfolk Street Aurora CO 80011,,,,osm:node:4351960185,osm overpass car_repair in Denver,2026-09-14
Herb Ives Garage,(303) 777-1853,1229 West Nevada Place Denver CO 80223,http://herbivesgarage.com,,,osm:node:4561304956,osm overpass car_repair in Denver,2026-09-14
Panther Performance Auto Group,(303) 974-5813,3011 West 49th Avenue Denver CO 80221,,,,osm:node:4608872169,osm overpass car_repair in Denver,2026-09-14
Applewood Automotive,(303) 233-1585,595 Garrison Street Lakewood CO 80226,http://applewoodautomotive.com/,,,osm:node:4794555415,osm overpass car_repair in Denver,2026-09-14
Kearney Garage,(303) 333-7960,6030 East 23rd Avenue Denver CO 80207,https://kearneygarage.com/,,,osm:node:4894683186,osm overpass car_repair in Denver,2026-09-14
Grease Monkey,(303) 320-6810,2890 Colorado Boulevard Denver CO 80207,http://www.greasemonkeydenver38.com,,,osm:node:4898686562,osm overpass car_repair in Denver,2026-09-14
D'Paz Bronco Tire Shop,(720) 508-4485,7310 East Colfax Avenue Denver CO 80220,https://www.facebook.com/depazbronco/,,,osm:node:4963092732,osm overpass car_repair in Denver,2026-09-14
Advanced Transmission Center,(303) 502-9565,7650 West 44th Avenue Wheat Ridge CO 80033,https://advancedtransmission.com/,,,osm:node:4963684291,osm overpass car_repair in Denver,2026-09-14
ColoradoLand Tire & Service,(303) 694-2585,8000 East Quincy Avenue Denver CO 80237,https://www.coloradolandtire.com/,,,osm:node:5240461411,osm overpass car_repair in Denver,2026-09-14
Pep Boys,(303) 338-8080,12820 East Mississippi Avenue Aurora CO 80012,https://stores.pepboys.com/co/aurora/12820-e-mississippi-ave.html#full-service-center,,,osm:node:5253406155,osm overpass car_repair in Denver,2026-09-14
South Downing Conoco,(303) 778-8922,2400 South Downing Street Denver CO 80210,,,,osm:node:5515102250,osm overpass car_repair in Denver,2026-09-14
Auto Glass Unlimited,(303) 862-4433,11614 West Belleview Avenue Lakewood CO 80127,http://www.windshieldsfast.com/,,,osm:node:5638723335,osm overpass car_repair in Denver,2026-09-14
Brakes Plus,(303) 341-4836,10593 East Mississippi Avenue Aurora CO 80012,https://www.brakesplus.com,,,osm:node:5649897905,osm overpass car_repair in Denver,2026-09-14
Brakes Plus,(303) 219-9819,1072 Prairie Center Parkway Brighton CO 80601,https://www.brakesplus.com,,,osm:node:5649897906,osm overpass car_repair in Denver,2026-09-14
Brakes Plus,(303) 377-2889,3525 Quebec Street Denver CO 80207,https://www.brakesplus.com,,,osm:node:5649897910,osm overpass car_repair in Denver,2026-09-14
Brakes Plus,(303) 333-5511,4750 Leetsdale Drive Glendale CO 80246,https://www.brakesplus.com,,,osm:node:5649897914,osm overpass car_repair in Denver,2026-09-14
Brakes Plus,(303) 220-9111,6770 Yosemite Street Centennial CO 80112,https://www.brakesplus.com,,,osm:node:5649897915,osm overpass car_repair in Denver,2026-09-14
Brakes Plus,(303) 221-6700,7040 East County Line Road Highlands Ranch CO 80126,https://www.brakesplus.com,,,osm:node:5649897916,osm overpass car_repair in Denver,2026-09-14
Brakes Plus,(303) 237-2200,10600 West Colfax Avenue Lakewood CO 80215,https://www.brakesplus.com/stores/lakewood/co/0111/,,,osm:node:5649898526,osm overpass car_repair in Denver,2026-09-14
Brakes Plus,(303) 467-2500,5465 Wadsworth Bypass Arvada CO 80002,https://www.brakesplus.com,,,osm:node:5649898528,osm overpass car_repair in Denver,2026-09-14
Brakes Plus,(303) 649-9100,6620 South Dayton Street Englewood CO 80111,https://www.brakesplus.com,,,osm:node:5649898532,osm overpass car_repair in Denver,2026-09-14
Fast Traxx,(303) 220-7766,6770 South Yosemite Street Centennial CO 80112,http://fasttraxxdtc.com/,,,osm:node:5857397685,osm overpass car_repair in Denver,2026-09-14
Auto Glass USA,(303) 831-1111,150 West Belleview Avenue Englewood CO 80110,http://www.autoglass-usa.com,,,osm:node:5905703292,osm overpass car_repair in Denver,2026-09-14
Pep Boys,(303) 338-8080,12820 East Mississippi Avenue Aurora CO 80012,https://stores.pepboys.com/co/aurora/12820-e-mississippi-ave/parts-accessories.html#parts-accessories,,,osm:node:6058739164,osm overpass car_repair in Denver,2026-09-14
Christian Brothers Automotive,(720) 450-9222,1340 Town Center Drive Highlands Ranch CO 80129,https://www.cbac.com/highlands-ranch/,,,osm:node:6131704936,osm overpass car_repair in Denver,2026-09-14
Centennial Automotive Repair,(720) 513-3013,302 McCaslin Boulevard Louisville CO 80027,https://www.automotivelouisville.com/,,,osm:node:6137812119,osm overpass car_repair in Denver,2026-09-14
Mile High Honda Service & Parts,(720) 515-9827,2777 South Havana Street Aurora CO 80014,https://milehighhonda.com/Schedule-Service/,,,osm:node:6209007952,osm overpass car_repair in Denver,2026-09-14
Keller Bros. Auto Repair,(303) 347-1010,250 East Dry Creek Road Littleton CO 80122,,,,osm:node:6225669573,osm overpass car_repair in Denver,2026-09-14
Community Auto Repair,(303) 691-0717,661 East Kentucky Avenue Denver CO 80209,https://communityautorepairshop.com/,,,osm:node:6292252367,osm overpass car_repair in Denver,2026-09-14
Title's Reliable Auto Body,(303) 722-2325,665 East Kentucky Avenue Denver CO 80209,,,,osm:node:6294896345,osm overpass car_repair in Denver,2026-09-14
The Edge Automotive,(303) 789-3343,2331 West Hampden Avenue Englewood CO 80110,https://theedgeautomotive.com/,,,osm:node:7310453691,osm overpass car_repair in Denver,2026-09-14
Brighton Bulldog Tires,(303) 659-0868,125 West Bridge Street Brighton CO 80601,https://www.brightonbulldogtires.com/,,,osm:node:7635984875,osm overpass car_repair in Denver,2026-09-14
Safelite AutoGlass,(720) 961-4672,4313 South Buckley Road Aurora CO 80015,safelite.com,,,osm:node:7715339761,osm overpass car_repair in Denver,2026-09-14
Bell Automotive LLC,(720) 725-6753,16250 Washington Street Thornton CO 80023,https://bellautorepair.business.site/,,,osm:node:8185385745,osm overpass car_repair in Denver,2026-09-14
Car Nuts,(303) 794-4938,Denver,,,,osm:node:9311871114,osm overpass car_repair in Denver,2026-09-14
Grease Monkey,(303) 794-1312,6549 South Broadway Denver,https://www.greasemonkeyauto.com/littleton-colorado-80121-center-82/,,,osm:node:9311871115,osm overpass car_repair in Denver,2026-09-14
Rogelio's Electrico Y Mecanica En General,(720) 422-7062,1461 Helena Street Denver,,,,osm:node:9756385044,osm overpass car_repair in Denver,2026-09-14
Crash Champions,(303) 364-7100,Denver,https://crashchampions.com/locations/crash-champions-aurora,,,osm:node:9910940634,osm overpass car_repair in Denver,2026-09-14
Summit Auto,(303) 366-1278,Denver,,,,osm:node:10135512491,osm overpass car_repair in Denver,2026-09-14
Aamco,(303) 234-1263,8808 West Colfax Avenue Denver,,,,osm:node:10167371876,osm overpass car_repair in Denver,2026-09-14
Novick Automotive,(303) 360-5688,13799 East Smith Drive Denver,,,,osm:node:10293408681,osm overpass car_repair in Denver,2026-09-14
Reading Truck,(303) 761-8504,Denver,https://www.readingtruck.com/locations/reading-truck-aurora-co/,,,osm:node:11470569757,osm overpass car_repair in Denver,2026-09-14
Aurora Collision Center,(303) 340-4100,Denver,https://auroracollisioncenter.com/,,,osm:node:11891307061,osm overpass car_repair in Denver,2026-09-14
Safelite AutoGlass,(800) 800-2727,Denver,,,,osm:node:12020616600,osm overpass car_repair in Denver,2026-09-14
A-One AutoPaintWerks,(303) 710-1129,2331 W Hampden Ave Englewood CO 80110,,,,osm:node:12115681353,osm overpass car_repair in Denver,2026-09-14
Jewell Auto Body,(303) 980-8770,7800 West Jewell Avenue Lakewood CO 80232,,,,osm:node:12468025642,osm overpass car_repair in Denver,2026-09-14
Budget Glass,(720) 890-2954,Denver,,,,osm:node:12639795140,osm overpass car_repair in Denver,2026-09-14
Elevation Auto Spa,(303) 963-5922,5480 West Alameda Avenue Lakewood CO 80226,https://elevationmotors.com/autospa,,,osm:node:12800435114,osm overpass car_repair in Denver,2026-09-14
Goodyear,(303) 421-6447,9621 West 58th Avenue Arvada CO 80002,https://www.goodyearautoservice.com/en_US/location/Arvada-CO-80002-US-000908129,,,osm:node:12804340882,osm overpass car_repair in Denver,2026-09-14
Top Notch Tints,(720) 347-3255,1357 West Alameda Avenue Denver,,,,osm:node:12972327478,osm overpass car_repair in Denver,2026-09-14
Subiesmith,(720) 738-4797,8490 Pearl Street Thornton CO 80229,,,,osm:node:12988619507,osm overpass car_repair in Denver,2026-09-14
Tesla Service Center,(720) 559-4589,11951 East 33rd Avenue Aurora CO 80010,,,,osm:node:13232158855,osm overpass car_repair in Denver,2026-09-14
Pep Boys,(303) 754-0010,7469 Park Meadows Drive Lone Tree CO 80124,https://www.pepboys.com/stores/co/lone-tree/7469-park-meadows-dr,,,osm:node:13474654740,osm overpass car_repair in Denver,2026-09-14
Big O Tires,(303) 223-2488,8110 South University Boulevard Denver 80122,,,,osm:node:13679016201,osm overpass car_repair in Denver,2026-09-14
Plus One Tire,(303) 237-6060,5810 South Broadway Denver 80121,,,,osm:node:13679022201,osm overpass car_repair in Denver,2026-09-14
Ace Express Coaches Bus Charter,(303) 421-2780,14000 West 44th Avenue Denver 80403,http://aceexpresscoaches.com,,,osm:node:14103861303,osm overpass car_repair in Denver,2026-09-14
Brakes Plus,(303) 948-7200,9965 West Remington Place Littleton CO 80128,https://www.brakesplus.com,,,osm:way:45183460,osm overpass car_repair in Denver,2026-09-14
BR Auto Glass,(303) 777-2573,2842 South Broadway Englewood CO 80113,http://brautoglassco.com/,,,osm:way:49946816,osm overpass car_repair in Denver,2026-09-14
Goodyear,(303) 973-5991,5071 South Jellison Way Lakewood CO 80123,https://www.goodyearautoservice.com/en-US/shop/CO/Littleton/000908179-80123-7306,,,osm:way:50108119,osm overpass car_repair in Denver,2026-09-14
Discount Tire,(303) 255-3595,355 East 120th Avenue Thornton CO 80233,https://www.discounttire.com/store/co/northglenn/s/1309,,,osm:way:53144058,osm overpass car_repair in Denver,2026-09-14
Brakes Plus,(303) 255-9600,405 East 120th Avenue Thornton CO 80233,https://www.brakesplus.com,,,osm:way:53144059,osm overpass car_repair in Denver,2026-09-14
Meineke,(303) 502-9134,651 East 120th Avenue Thornton CO 80233,https://www.meineke.com/locations/co/thornton-4226/,,,osm:way:53144194,osm overpass car_repair in Denver,2026-09-14
Brakes Plus,(720) 304-3343,90 McCaslin Boulevard Superior CO 80027,https://www.brakesplus.com,,,osm:way:61951720,osm overpass car_repair in Denver,2026-09-14
Grease Monkey,(720) 851-3012,10001 Jordan Road Parker CO 80134,https://www.greasemonkeyauto.com/locations/us/co/parker/10001-s.-jordan-rd,,,osm:way:83511725,osm overpass car_repair in Denver,2026-09-14
Stan's Automotive,+1-303-666-8914;+1-833-770-1386,1950 West South Boulder Road Lafayette CO 80026,https://www.stansautomotive.com/,,,osm:way:85540805,osm overpass car_repair in Denver,2026-09-14
Discount Tire,(303) 791-5043,Denver,,,,osm:way:88782600,osm overpass car_repair in Denver,2026-09-14
Pep Boys,(303) 665-9988,200 US 287 Lafayette CO 80026,https://stores.pepboys.com/co/lafayette/200-n-hwy-287.html,,,osm:way:98373960,osm overpass car_repair in Denver,2026-09-14
Discount Tire,(303) 986-0654,2000 S Kipling Pkwy Lakewood CO 80227,https://www.discounttire.com/store/co/lakewood/s/1093,,,osm:way:142994485,osm overpass car_repair in Denver,2026-09-14
The Precision Auto Salon,(303) 469-3157,11935 Main Street Broomfield CO 80020,https://www.theprecisionautosalon.com/,,,osm:way:147509809,osm overpass car_repair in Denver,2026-09-14
Fender Menders,(303) 465-1034,11955 Main Street Broomfield CO 80020,http://www.fendermendersautobody.com/,,,osm:way:147509810,osm overpass car_repair in Denver,2026-09-14
Grease Monkey,(303) 860-7000,East Colfax Avenue Denver CO 80218,,,,osm:way:148757357,osm overpass car_repair in Denver,2026-09-14
Brakes Plus,(303) 456-9500,7401 West 92nd Avenue Westminster CO 80021,https://www.brakesplus.com,,,osm:way:158271307,osm overpass car_repair in Denver,2026-09-14
Caliber Collision,(720) 892-0437,2305 West Midway Boulevard Broomfield CO 80020,https://www.caliber.com/find-a-location/broomfield-w-midway-blvd,,,osm:way:168386613,osm overpass car_repair in Denver,2026-09-14
Discount Tire,(303) 696-7477,2280 South Havana Street Aurora CO 80014,https://www.discounttire.com,,,osm:way:192013129,osm overpass car_repair in Denver,2026-09-14
Denver Window Tint,(303) 751-9310,2201 South Parker Road Denver CO 80231,http://www.denverwindowtint.com,,,osm:way:192013158,osm overpass car_repair in Denver,2026-09-14
Jiffy Lube,(303) 337-5524,1657 South Havana Street Aurora CO 80012,https://enitorcolorado.jiffylube.com/locations/store/965/1657-s-havana-st-aurora-co-80012-5007,,,osm:way:192027128,osm overpass car_repair in Denver,2026-09-14
Sam's Auto,(303) 369-7722,10401 East Idaho Place Aurora CO 80247,,,,osm:way:192036505,osm overpass car_repair in Denver,2026-09-14
Big O Tires,(720) 449-0390,1770 South Havana Street Aurora CO 80012,https://www.bigotires.com/,,,osm:way:192051570,osm overpass car_repair in Denver,2026-09-14
Sensible Automotive,(303) 466-4904,11972 Teller Street Broomfield CO 80020,,,,osm:way:195013828,osm overpass car_repair in Denver,2026-09-14
Brakes Plus,(303) 841-9200,16542 Keystone Boulevard Parker CO 80134,https://www.brakesplus.com,,,osm:way:205951723,osm overpass car_repair in Denver,2026-09-14
Rocky Mountain Car Care,(720) 445-8022,2005 West Midway Boulevard Broomfield CO 80020,https://www.rockymountaincarcare.com/,,,osm:way:210235537,osm overpass car_repair in Denver,2026-09-14
Midas,(303) 425-9784,12190 West 64th Avenue Arvada CO 80004,http://midasdenver.com,,,osm:way:228439991,osm overpass car_repair in Denver,2026-09-14
Discount Tire,(303) 840-1152,18312 East Lincoln Avenue Parker CO 80134,https://www.discounttire.com/store/co/parker/s/1665,,,osm:way:229238427,osm overpass car_repair in Denver,2026-09-14
Jiffy Lube,(720) 842-0724,9991 Twenty Mile Road Parker CO 80134,https://www.jiffylube.com/locations/co/parker/3234,,,osm:way:229238429,osm overpass car_repair in Denver,2026-09-14
Emich Automotive Collision Center,(720) 409-5305,4201 East Louisiana Avenue Denver CO 80246,https://www.emichauto.com/,,,osm:way:257034139,osm overpass car_repair in Denver,2026-09-14
Holiday Auto Care,(303) 758-9222,1465 South Colorado Boulevard Denver CO 80222,http://holidayautocare.com,,,osm:way:257036078,osm overpass car_repair in Denver,2026-09-14
Derby Tire Shop,(303) 287-1808,7200 State Highway 2 Commerce City CO 80022,,,,osm:way:260051598,osm overpass car_repair in Denver,2026-09-14
American Differential and Drive Train,(303) 227-0121,7270 Locust Street Commerce City CO 80022,,,,osm:way:263590955,osm overpass car_repair in Denver,2026-09-14
Friendly Auto Glass and Repair,(303) 287-9954,7350 State Highway 2 Commerce City CO 80022,,,,osm:way:263590986,osm overpass car_repair in Denver,2026-09-14
Grease Monkey,(303) 654-0399,404 West Bromley Lane Brighton CO 80601,,,,osm:way:265534169,osm overpass car_repair in Denver,2026-09-14
Brighton Tires & Wheels,(303) 659-5007,100 West Southern Street Brighton CO 80601,https://www.brightontiresandwheels.com/,,,osm:way:266254050,osm overpass car_repair in Denver,2026-09-14
Tires Plus,(303) 647-4596,5170 West 120th Avenue Westminster CO 80020,https://www.tiresplus.com/,,,osm:way:271668710,osm overpass car_repair in Denver,2026-09-14
Oneida Street Auto Repair & U-Haul,(303) 399-5250,Denver,,,,osm:way:280657017,osm overpass car_repair in Denver,2026-09-14
Baldwin's Service Center,(303) 371-7176,3293 Oakland Street Aurora CO 80010,http://baldwinsservicecenter.com/,,,osm:way:288251185,osm overpass car_repair in Denver,2026-09-14
Big O Tires,(303) 307-0331,4695 North Peoria Street Denver CO 80239,https://www.bigotires.com/,,,osm:way:296783033,osm overpass car_repair in Denver,2026-09-14
Mustang Motorsports,(303) 344-3673,11799 B East 30th Avenue Aurora CO 80010,http://www.mustangmotorsports.co/,,,osm:way:320886291,osm overpass car_repair in Denver,2026-09-14
Golf Cart Doctor,(720) 350-2600,1073 South Ironton Street Aurora CO 80012,https://golfcartdoctor.com/,,,osm:way:326165232,osm overpass car_repair in Denver,2026-09-14
Firestone,(303) 214-1068,10955 East Mississippi Avenue Aurora CO 80012,https://local.firestonecompleteautocare.com/colorado/aurora/10955-e-mississippi-ave/,,,osm:way:326165233,osm overpass car_repair in Denver,2026-09-14
Freeway Ford Service Center,(303) 584-6600,5250 East Evans Avenue Denver 80222,http://www.freewayfordonline.com/,,,osm:way:332360504,osm overpass car_repair in Denver,2026-09-14
Safelite AutoGlass,(303) 759-4099,4055 East Evans Avenue Denver CO 80222,https://www.safelite.com/,,,osm:way:337084357,osm overpass car_repair in Denver,2026-09-14
Express Car Care,(303) 691-2760,4200 East Evans Avenue Denver CO 80222,https://denverexpresscare.com/,,,osm:way:337119603,osm overpass car_repair in Denver,2026-09-14
Subie Auto Repairs,(303) 872-9120,8301 East Iliff Avenue Denver CO 80231,http://www.subieauto.com/,,,osm:way:340025843,osm overpass car_repair in Denver,2026-09-14
House of Mufflers and Brakes,(303) 757-3305,4801 East Evans Avenue Denver CO 80222,https://www.houseofmufflersandbrakesdenver.com/,,,osm:way:344212701,osm overpass car_repair in Denver,2026-09-14
Caliber Collision,(303) 762-7562,5101 East Evans Avenue Denver CO 80222,https://www.caliber.com/find-a-location/denver-east-evans,,,osm:way:344928747,osm overpass car_repair in Denver,2026-09-14
Discount Tire,(303) 369-6925,1160 South Chambers Road Aurora CO 80017,,,,osm:way:348049659,osm overpass car_repair in Denver,2026-09-14
Southern Brothers Automotive Restoration,(720) 232-5882,785 Wadsworth Boulevard Lakewood CO 80214,,,,osm:way:357560928,osm overpass car_repair in Denver,2026-09-14
Gianni's Repair Center,(720) 445-9386,Denver,http://instagram.com/giannis.repair/,,,osm:way:360642270,osm overpass car_repair in Denver,2026-09-14
Discount Tire,(303) 469-4188,1050 US Highway 287 Broomfield CO 80020,https://www.discounttire.com/store/co/broomfield/s/1465,,,osm:way:366970774,osm overpass car_repair in Denver,2026-09-14
Meineke,(303) 732-6614,1020 US Highway 287 Broomfield CO 80020,https://www.meineke.com/locations/co/broomfield-2302/,,,osm:way:366973112,osm overpass car_repair in Denver,2026-09-14
Big O Tires,(303) 552-3352,6430 West 120th Avenue Broomfield CO 80020,https://www.bigotires.com/location/co/broomfield/6430-w-120th-ave-80020/006292?,,,osm:way:369405523,osm overpass car_repair in Denver,2026-09-14
Grease Monkey,(303) 216-9600,17218 South Golden Road Golden CO 80401,https://www.greasemonkey.com/locations/co/golden/17218-south-golden-rd/,,,osm:way:371899168,osm overpass car_repair in Denver,2026-09-14
Andersen's Foreign Car Service,(303) 278-8766,16289 West Colfax Avenue Golden CO 80401,https://www.andersens.net/,,,osm:way:374169429,osm overpass car_repair in Denver,2026-09-14
Latino's Auto Glass,(303) 935-6658,280 Federal Boulevard Denver CO 80219-1535,http://www.latinosautoglass.com/,,,osm:way:386557023,osm overpass car_repair in Denver,2026-09-14
AC Transmission,(303) 428-6566,6780 Federal Boulevard Denver CO 80221,https://www.actransmission.com/,,,osm:way:387155823,osm overpass car_repair in Denver,2026-09-14
Colorado Tire and Service,(303) 569-6800,Denver,https://coloradotireservice.com/,,,osm:way:449009882,osm overpass car_repair in Denver,2026-09-14
Crash Champions,(303) 920-5100,Denver,https://crashchampions.com/locations/crash-champions-thornton-120th,,,osm:way:449148197,osm overpass car_repair in Denver,2026-09-14
Gerber Collision & Glass,(303) 220-8630,6208 East County Line Road Highlands Ranch CO 80126,,,,osm:way:484456270,osm overpass car_repair in Denver,2026-09-14
Lakewood Five Star Automotive,(303) 716-3005,1135 S Union BLVD Lakewood CO 80226,,,,osm:way:487323133,osm overpass car_repair in Denver,2026-09-14
Pep Boys,(303) 420-7444,7525 West 44th Avenue Wheat Ridge CO 80033,https://www.pepboys.com/,,,osm:way:537809976,osm overpass car_repair in Denver,2026-09-14
Christian Brothers Automotive,(720) 549-8614,9864 Mangano Lane Parker CO 80134,https://www.cbac.com/parker/,,,osm:way:579535624,osm overpass car_repair in Denver,2026-09-14
Johnson's Automotive Repair,(303) 360-6111,598 Olathe Street Denver CO,,,,osm:way:583753634,osm overpass car_repair in Denver,2026-09-14
Service & Parts,(720) 707-6200,2950 South Havana Street Aurora CO 80014,https://www.shortlinemitsubishi.com/,,,osm:way:611397417,osm overpass car_repair in Denver,2026-09-14
Discount Tire,(303) 756-3688,6171 East Evans Avenue Denver CO 80222,https://www.discounttire.com/store/co/denver/s/1397,,,osm:way:619027900,osm overpass car_repair in Denver,2026-09-14
Caliber Collision,(303) 617-1638,9035 South Woodman Way Parker CO 80134,https://www.abraauto.com/,,,osm:way:653811159,osm overpass car_repair in Denver,2026-09-14
Discount Tire,(303) 425-1475,4580 Wadsworth Boulevard Wheat Ridge CO 80033,https://www.discounttire.com/,,,osm:way:658861959,osm overpass car_repair in Denver,2026-09-14
Downing Street Garage,(303) 777-0142,401 Downing Street Denver CO 80218,https://www.downingstreetgarage.com/,,,osm:way:664768410,osm overpass car_repair in Denver,2026-09-14
Littleton Auto Services,(303) 794-1677,5589 South Rio Grande Street Littleton CO 80120,,,,osm:way:665203945,osm overpass car_repair in Denver,2026-09-14
Brakes Plus,(303) 209-7739,24550 East Smoky Hill Road Aurora CO 80016,https://www.brakesplus.com,,,osm:way:668348615,osm overpass car_repair in Denver,2026-09-14
Grease Monkey,(303) 799-8136,6722 South Potomac Street Centennial CO 80112,,,,osm:way:670483046,osm overpass car_repair in Denver,2026-09-14
Toy Car Care,(303) 799-3895,6844 South Potomac Street Centennial CO 80112,https://www.toycarcare.com/,,,osm:way:670949280,osm overpass car_repair in Denver,2026-09-14
Brakes Plus,(303) 743-9600,16770 East Iliff Avenue Aurora CO 80013,https://www.brakesplus.com,,,osm:way:672724867,osm overpass car_repair in Denver,2026-09-14
The Used Tire Store,(303) 745-3448,2200 South Havana Street Aurora CO 80014,https://theusedtirestore.com/,,,osm:way:687701630,osm overpass car_repair in Denver,2026-09-14
Abra Auto Body Repair,(303) 424-9514,10501 West 48th Avenue Wheat Ridge CO,https://abraauto.com/,,,osm:way:689176664,osm overpass car_repair in Denver,2026-09-14
Crash Champions Collision Repair Centennial,(303) 693-1129,6870 South Jordan Road Centennial CO 80112,https://crashchampions.com/locations/crash-champions-centennial,,,osm:way:692343112,osm overpass car_repair in Denver,2026-09-14
Colorado Tire & Wheels,(720) 515-5052,4948 West Alameda Avenue Denver CO 80219,,,,osm:way:705007826,osm overpass car_repair in Denver,2026-09-14
Astro Automotive,(303) 722-2808,65 South Cherokee Street Denver CO 80223,https://www.astroautomotive.com/,,,osm:way:714373223,osm overpass car_repair in Denver,2026-09-14
Christian Brothers Automotive,(720) 605-4841,5703 East 136th Avenue Thornton CO 80602,https://www.cbac.com/thornton/,,,osm:way:777214333,osm overpass car_repair in Denver,2026-09-14
High Country Performance 4x4,(303) 761-7379,1695 West Hamilton Place Englewood CO 80110,https://hcp4x4.com/,,,osm:way:782821571,osm overpass car_repair in Denver,2026-09-14
Rallye Coach Works,(303) 761-4401,3237 South Santa Fe Drive Frontage Road Englewood CO 80110,https://rallyecoachworks.com,,,osm:way:782842451,osm overpass car_repair in Denver,2026-09-14
Z Auto Service,(303) 781-2855,1231 West Lehigh Place Englewood CO 80110,https://www.zautoservice.com/,,,osm:way:782842558,osm overpass car_repair in Denver,2026-09-14
Paradise Auto Body,(303) 238-2799,1301 Harlan Street Lakewood CO 80214,,,,osm:way:803165824,osm overpass car_repair in Denver,2026-09-14
Service Street,(720) 707-0094,2074 East County Line Road Highlands Ranch CO 80126,https://www.servicestreethighlandsranch.com/,,,osm:way:803496583,osm overpass car_repair in Denver,2026-09-14
GCR Tires & Service,(720) 773-5381,200 Great Western Road Brighton CO 80601,,,,osm:way:818496163,osm overpass car_repair in Denver,2026-09-14
Bullet Automotive,(720) 998-6936,607 East Bridge Street Brighton CO 80601,https://www.bullet-automotive.com/,,,osm:way:821548148,osm overpass car_repair in Denver,2026-09-14
The Toy Shop,(303) 744-7621,1185 South Cherokee Street Denver CO 80223,https://thetoyshopdenver.com,,,osm:way:823570895,osm overpass car_repair in Denver,2026-09-14
Les Schwab Tire Center,(720) 870-3201,15787 East Arapahoe Road Centennial CO 80016,https://www.lesschwab.com/,,,osm:way:827713322,osm overpass car_repair in Denver,2026-09-14
Ralph's Foothills Service,(303) 986-6166,11210 West Alameda Avenue Lakewood CO 80226,https://www.ralphsfoothillsservice.com/,,,osm:way:899681566,osm overpass car_repair in Denver,2026-09-14
EuroWerkz Motorsport,(303) 421-0365,4465 Garrison Street Denver CO,https://www.eurowerkzmotorsport.com/,,,osm:way:902832475,osm overpass car_repair in Denver,2026-09-14
Christian Brothers Automotive,(720) 789-8352,14755 East Arapahoe Road Aurora CO 80016,https://www.cbac.com/arapahoe-road/,,,osm:way:916057303,osm overpass car_repair in Denver,2026-09-14
Gaylord's Garage,(303) 232-7645,1451 Depew Street Lakewood CO 80214,https://www.gaylordsgarage.com/,,,osm:way:920614581,osm overpass car_repair in Denver,2026-09-14
B & E Auto Body,(303) 659-4788,14900 Brighton Road Brighton CO 80601,,,,osm:way:955460322,osm overpass car_repair in Denver,2026-09-14
Brighton Auto Body,(303) 659-4612,190 Great Western Road Brighton CO 80601,https://www.brightonautobody.com/,,,osm:way:955462920,osm overpass car_repair in Denver,2026-09-14
Discount Tire,(720) 685-3388,1820 East Bridge Street Brighton CO 80601,,,,osm:way:956892128,osm overpass car_repair in Denver,2026-09-14
Meineke,(720) 523-1561,21 North 42nd Avenue Brighton CO 80601,,,,osm:way:958948994,osm overpass car_repair in Denver,2026-09-14
Les Schwab Tire Center,(303) 659-3187,163 South 50th Avenue Brighton CO 80601,,,,osm:way:959171100,osm overpass car_repair in Denver,2026-09-14
Jiffy Lube,(720) 923-1313,4850 East Bridge Street Brighton CO 80601,,,,osm:way:959171107,osm overpass car_repair in Denver,2026-09-14
ECP Auto Salvage & Repair,(720) 451-6259,2600 East 46th South Avenue Denver CO 80216,,,,osm:way:966312954,osm overpass car_repair in Denver,2026-09-14
Angel's Muffler Shop LLC,(303) 501-3283,2400 East 46th South Avenue Denver CO 80216,,,,osm:way:966312958,osm overpass car_repair in Denver,2026-09-14
Firestone,(720) 644-1432,4535 Tower Road Denver CO 80249,https://local.firestonecompleteautocare.com/colorado/denver/4535-tower-rd/,,,osm:way:970194960,osm overpass car_repair in Denver,2026-09-14
Jiffy Lube,(720) 399-9810,4555 Tower Road Denver CO 80249,https://www.jiffylube.com/locations/co/denver/3903,,,osm:way:970194961,osm overpass car_repair in Denver,2026-09-14
All Nations Autos,(303) 232-3477,1395 Sheridan Boulevard Lakewood CO 80214,,,,osm:way:1108270402,osm overpass car_repair in Denver,2026-09-14
Southeast Automotive,(303) 756-8735,2055 South Hudson Street Denver CO 80222,https://www.seautoshop.com/,,,osm:way:1122786749,osm overpass car_repair in Denver,2026-09-14
McGee Motors,(303) 759-1794,2001 South Dahlia Street Denver CO 80222,,,,osm:way:1122787241,osm overpass car_repair in Denver,2026-09-14
Merkl's Automotive,(303) 455-3190,10991 West 44th Avenue Wheat Ridge CO 80033,https://www.merkls.mechanicnet.com/,,,osm:way:1149974168,osm overpass car_repair in Denver,2026-09-14
Discount Tire,(720) 572-6998,16385 Washington Street Thornton CO 80023,,,,osm:way:1223661566,osm overpass car_repair in Denver,2026-09-14
Brakes Plus,(303) 934-2600,2319 South Federal Boulevard Denver CO 80219,https://www.brakesplus.com,,,osm:way:1244988457,osm overpass car_repair in Denver,2026-09-14
Penn Garage,(303) 831-7777,5475 Independence Street Arvada CO 80002,,,,osm:way:1344497205,osm overpass car_repair in Denver,2026-09-14
Midas,(720) 465-2460,5770 West Alameda Avenue Lakewood CO 80226,https://www.midas.com/store/co/lakewood/5770-west-alameda-80226?shopnum=5648,,,osm:way:1382568853,osm overpass car_repair in Denver,2026-09-14
SLP Auto Glass,(303) 936-6666,5700 West Alameda Avenue Lakewood CO 80226,https://slpautoglass.com,,,osm:way:1382569656,osm overpass car_repair in Denver,2026-09-14
Grease Monkey,(303) 986-0110,10880 West Alameda Avenue Lakewood CO 80226,https://www.greasemonkey.com/locations/co/lakewood/10880-west-alameda-ave/,,,osm:way:1385368651,osm overpass car_repair in Denver,2026-09-14
Brakes Plus,(720) 647-9009,9115 Howell Street Arvada CO 80007,,,,osm:way:1386317731,osm overpass car_repair in Denver,2026-09-14
Schomp Collision,(720) 262-4323,90 North Havana Street Aurora CO,https://www.schompcollision.com/,,,osm:way:1455357712,osm overpass car_repair in Denver,2026-09-14
Bending Wrenches,(303) 466-9800,8130 West 80th Avenue Arvada CO 80005,https://bendingwrenches.com/,,,osm:way:1524425626,osm overpass car_repair in Denver,2026-09-14
Blue Ridge Automotive,(404) 549-9424,803 Church Street Decatur GA 30030,https://blueridgeauto.co/,,,osm:node:567189386,osm overpass car_repair in Atlanta,2026-09-14
Grease Monkey,(404) 351-6363,1953 Howell Mill Road Northwest Atlanta 30318,https://www.greasemonkeyauto.com/locations/us/ga/atlanta/1953-howell-mill-road,,,osm:node:1259072900,osm overpass car_repair in Atlanta,2026-09-14
AAA Toco Hills Car Care Plus,(404) 235-6754,2161 Lavista Road Northeast Atlanta,https://locator.acg.aaa.com/ga/atlanta/aaa-toco-hills-car-care-plus,,,osm:node:2422243159,osm overpass car_repair in Atlanta,2026-09-14
Firestone Complete Auto Care,(770) 225-1532,4219 Roswell Road Marietta GA 30062,,,,osm:node:2752868592,osm overpass car_repair in Atlanta,2026-09-14
Wheel Wizard Wheel Repair,(770) 451-6333,3695 Longview Drive Chamblee GA 30341,https://www.wheelwizard.com/,,,osm:node:2757635410,osm overpass car_repair in Atlanta,2026-09-14
Brake Stop & Auto Experts,(770) 322-3771,5343 Covington Highway Decatur GA 30035,http://brakestopandautoexperts.com,,,osm:node:4531887289,osm overpass car_repair in Atlanta,2026-09-14
Kendrick Radiator & Automotive,(404) 454-4929,2486 Moreland Avenue Southeast Atlanta GA 30315,https://kendrickradiator.com/,,,osm:node:4561332738,osm overpass car_repair in Atlanta,2026-09-14
Express Oil Change & Tire Engineers,(770) 434-1944,3426 South Cobb Drive Smyrna GA 30080,https://www.expressoil.com/stores/smyrna/ga/0508/,,,osm:node:5649894713,osm overpass car_repair in Atlanta,2026-09-14
Express Oil Change & Tire Engineers,(404) 659-6225,230 Moreland Avenue Southeast Atlanta GA 30316,https://www.expressoil.com/stores/atlanta/ga/0523/,,,osm:node:5918673853,osm overpass car_repair in Atlanta,2026-09-14
Express Oil Change & Tire Engineers,(404) 241-1094,2555 Candler Road Decatur GA 30032,https://www.expressoil.com/stores/decatur/ga/0507/,,,osm:node:5918673854,osm overpass car_repair in Atlanta,2026-09-14
Howard's Collision Center,(770) 432-2613,Atlanta,https://howardswrecker.com/,,,osm:node:6450767672,osm overpass car_repair in Atlanta,2026-09-14
Express Oil Change & Tire Engineers,(770) 931-0026,1422 Pleasant Hill Road Lawrenceville GA 30044,https://www.expressoil.com/stores/lawrenceville/ga/1829/,,,osm:node:6522268844,osm overpass car_repair in Atlanta,2026-09-14
Express Oil Change & Tire Engineers,(770) 506-8250,1479 Hudson Bridge Road Stockbridge GA 30281,https://www.expressoil.com/stores/stockbridge/ga/1545/,,,osm:node:6522268859,osm overpass car_repair in Atlanta,2026-09-14
Express Oil Change & Tire Engineers,(770) 451-2414,5722 Peachtree Industrial Boulevard Chamblee GA 30341,https://www.expressoil.com/stores/chamblee/ga/1324/,,,osm:node:6522268868,osm overpass car_repair in Atlanta,2026-09-14
Than Auto Repair,(404) 634-7899,Atlanta,,,,osm:node:7107572924,osm overpass car_repair in Atlanta,2026-09-14
Lilburn Automotive Services,(678) 924-1515,Atlanta,,,,osm:node:7579126194,osm overpass car_repair in Atlanta,2026-09-14
Sentry Body & Paint,(770) 279-2386,4284 Lilburn Industrial Way Atlanta,,,,osm:node:7580691849,osm overpass car_repair in Atlanta,2026-09-14
Holcomb Auto,(770) 640-7087,2965 B Holcomb Bridge Road Alpharetta GA 30022,http://www.holcombauto.com,,,osm:node:9788743452,osm overpass car_repair in Atlanta,2026-09-14
"Superior Autohaus, Inc.",(770) 993-7004,2965 B Holcomb Bridge Road Alpharetta GA 30022,https://superiorautohausatl.com,,,osm:node:9788743453,osm overpass car_repair in Atlanta,2026-09-14
Canada Tire Company,(770) 552-7511,2965 B Holcomb Bridge Road Alpharetta GA 30022,https://www.canadatireco.com/,,,osm:node:9788743454,osm overpass car_repair in Atlanta,2026-09-14
Centennial Motors,(770) 594-8070,2965 B Holcomb Bridge Road Alpharetta GA 30022,http://www.centennialmotorsatl.com,,,osm:node:9788743455,osm overpass car_repair in Atlanta,2026-09-14
Alex Car Care,(404) 499-0024,4130 East Ponce de Leon Avenue Clarkston GA 30021,,,,osm:node:9951786912,osm overpass car_repair in Atlanta,2026-09-14
Tran Auto Service,(404) 292-9777,4202 East Ponce de Leon Avenue Clarkston GA 30021,,,,osm:node:9951786914,osm overpass car_repair in Atlanta,2026-09-14
Tam's Auto Repair,(404) 508-1275,4186 East Ponce de Leon Avenue Clarkston GA 30021,,,,osm:node:9951786915,osm overpass car_repair in Atlanta,2026-09-14
No Automotive Repair,(404) 292-6990,3666 Market Street Clarkston GA 30021,,,,osm:node:9951786916,osm overpass car_repair in Atlanta,2026-09-14
Blue Ridge Automotive,(770) 216-8474,3733 North Peachtree Road Chamblee GA 30341,https://blueridgeauto.co/car-repair-shop-chamblee-ga/,,,osm:node:10242052055,osm overpass car_repair in Atlanta,2026-09-14
Decatur Tire Shop,(678) 489-8583,7238 GA-85 Riverdale GA 30274,https://decaturtireshopga.com,,,osm:node:10294531388,osm overpass car_repair in Atlanta,2026-09-14
Jared Used Tires,(678) 760-7026,677 Concord Road Southeast Atlanta,,,,osm:node:10676977798,osm overpass car_repair in Atlanta,2026-09-14
Good Discount Tires,(404) 284-2774,4856 Covington Highway Decatur GA 30035,https://gooddiscounttiresllc.com,,,osm:node:10926069604,osm overpass car_repair in Atlanta,2026-09-14
A & B Tires and Wheels,(770) 424-0713,1661 Canton Road Northeast Atlanta,,,,osm:node:11173299147,osm overpass car_repair in Atlanta,2026-09-14
Caliber Collision,(404) 377-6047,2995 East Ponce de Leon Avenue Decatur GA 30030,https://www.caliber.com/find-a-location/decatur,,,osm:node:11298824498,osm overpass car_repair in Atlanta,2026-09-14
Tire Deals,(770) 422-4582,850 Sandy Plains Road Northeast Atlanta,https://www.tiredealsinc.com/,,,osm:node:11685083312,osm overpass car_repair in Atlanta,2026-09-14
Speedy Transmissions by CS,(770) 422-0919,850 Sandy Plains Road Northeast Atlanta,,,,osm:node:11685083313,osm overpass car_repair in Atlanta,2026-09-14
EZ Auto Spa,(762) 227-1677,3492 Satellite Boulevard Duluth GA 30096,https://ezautospa.com/locations/ez-auto-duluth/,,,osm:node:11818014389,osm overpass car_repair in Atlanta,2026-09-14
Mavis Discount Tire,(770) 520-4178,840 Eagles Landing Parkway Stockbridge GA 30281,,,,osm:node:12219356442,osm overpass car_repair in Atlanta,2026-09-14
Atlanta Luxury Window Tinting,(678) 245-0748,157 North Avenue Northeast Atlanta 30308,https://www.atlantaluxurywindowtinting.com/,,,osm:node:12401065991,osm overpass car_repair in Atlanta,2026-09-14
Auto Glass Atlanta LLC,(678) 809-3466,3535 Peachtree Road Northeast Atlanta GA 30326,,,,osm:node:12603693716,osm overpass car_repair in Atlanta,2026-09-14
Syncro Car Care,(706) 973-3939,850 Mountain Industrial Drive Northwest Atlanta,https://syncrocarcare.com/,,,osm:node:13387422567,osm overpass car_repair in Atlanta,2026-09-14
Dalton Automotive,(770) 427-0996,1225 Hayes Industrial Drive Northeast Atlanta,https://dalton-auto.com/,,,osm:node:13418663811,osm overpass car_repair in Atlanta,2026-09-14
Mavis Tires & Brakes,(470) 508-9345,1689 Howell Mill Road Northwest Atlanta,https://www.mavis.com/locations/atlanta-howell-mill-dr-ga?stnum=1008,,,osm:node:13418723616,osm overpass car_repair in Atlanta,2026-09-14
Pep Boys,(404) 367-0101,1685 Howell Mill Road Northwest Atlanta,https://www.pepboys.com/stores/ga/atlanta/1685-howell-mill-road-nw,,,osm:node:13418723617,osm overpass car_repair in Atlanta,2026-09-14
German Auto Repair,(770) 579-1613,1540 Roswell Road Atlanta,https://www.germanrepairauto.com/,,,osm:node:13439748635,osm overpass car_repair in Atlanta,2026-09-14
Rapid Rotation,(770) 977-9779,1580 Roswell Road Atlanta,,,,osm:node:13439748636,osm overpass car_repair in Atlanta,2026-09-14
G & S Auto & Muffler,(770) 973-8335,1580 Roswell Road Atlanta,https://gsautomuffler.com/,,,osm:node:13439748637,osm overpass car_repair in Atlanta,2026-09-14
Benz And Beamer Auto Solutions,(678) 560-9870,1288 Roswell Road Atlanta,http://www.benzandbeamerautorepair.com/,,,osm:node:13457124282,osm overpass car_repair in Atlanta,2026-09-14
Cadillac Care By Randy's Automotive,(770) 218-2123,640 Merritt Road Northeast Atlanta,,,,osm:node:13457124283,osm overpass car_repair in Atlanta,2026-09-14
TintFellas,(770) 820-6200,337 Cobb Parkway South Marietta GA 30062,https://www.tintfellasatl.com/,,,osm:node:13471410666,osm overpass car_repair in Atlanta,2026-09-14
"Heavy Tires, Inc",(404) 337-3294,1455 Canton Road Northeast Atlanta,https://truckheavytires.com/,,,osm:node:13480690519,osm overpass car_repair in Atlanta,2026-09-14
Six Star Subaru Service,(404) 377-7874,210 Laredo Drive Atlanta 30030,https://sixstarsvc.com/,,,osm:node:13555702201,osm overpass car_repair in Atlanta,2026-09-14
American Eagle Towing and Transportation,(404) 409-1795,1818 Austell Road Southwest Marietta GA 30008,,,,osm:node:13646209301,osm overpass car_repair in Atlanta,2026-09-14
TRUE Automotive,(770) 428-2520,1280 Powder Springs Road Atlanta,https://www.trueautomotive.com/georgia-locations/marietta,,,osm:node:13678993676,osm overpass car_repair in Atlanta,2026-09-14
Aiken Marietta Auto Detailing,(678) 814-5191,518 Atlanta Street Southeast Marietta GA 30060-2286,,,,osm:node:13711087070,osm overpass car_repair in Atlanta,2026-09-14
Ol Skool Auto,(678) 365-8146,271 Atlanta Street Southeast Atlanta,,,,osm:node:14133480051,osm overpass car_repair in Atlanta,2026-09-14
Crash Champions,(770) 580-8517,Atlanta,https://crashchampions.com/locations/crash-champions-tucker,,,osm:way:41385696,osm overpass car_repair in Atlanta,2026-09-14
Scott Auto Repair,(404) 377-3600,Atlanta,,,,osm:way:51279582,osm overpass car_repair in Atlanta,2026-09-14
Mavis Tires & Brakes,(470) 289-5369,Atlanta,,,,osm:way:51313904,osm overpass car_repair in Atlanta,2026-09-14
Honest-1 Auto Care,(770) 809-6253,1391 East Cobb Drive Atlanta,https://www.honest1eastcobb.com/,,,osm:way:106469439,osm overpass car_repair in Atlanta,2026-09-14
AAA East Cobb Service Center,(770) 565-5700,1197 Johnson Ferry Road Northeast Marietta GA 30068,https://autoclubsouth.aaa.com/Branches/Branch.aspx?branchid=053,,,osm:way:109023751,osm overpass car_repair in Atlanta,2026-09-14
Express Oil Change & Tire Engineers,(404) 851-0040,5811 Roswell Road Sandy Springs GA 30328,https://www.expressoil.com/stores/sandy-springs/ga/1326/,,,osm:way:264199563,osm overpass car_repair in Atlanta,2026-09-14
24 Hr Tire Shop/Roadside Assistance,(678) 403-8005,1075 Windy Hill Road Southeast Smyrna GA 30080,https://www.24hoursroadassistance.com/,,,osm:way:264237834,osm overpass car_repair in Atlanta,2026-09-14
Enzo's Automotive Service,(770) 956-0207,2007 Airport Industrial Park Drive Southeast Marietta GA 30060,http://enzosautomotive.com,,,osm:way:264238783,osm overpass car_repair in Atlanta,2026-09-14
Midas,(770) 952-0151,1764 Cobb Parkway South Marietta GA 30060,https://www.midas.com/atlanta/store.aspx?shopnum=3293&dmanum=52,,,osm:way:264240282,osm overpass car_repair in Atlanta,2026-09-14
Caliber Collision,(770) 956-1134,1770 Cobb Parkway South Atlanta,https://www.caliber.com/find-a-location/marietta-cobb-parkway,,,osm:way:264240283,osm overpass car_repair in Atlanta,2026-09-14
ABRA Auto Body & Glass,(770) 956-1134,1770 Cobb Parkway South Marietta GA 30060,https://www.abraauto.com/abra-auto-location/auto-body-and-glass-repair-shop-marietta-cobb-parkway-ga/,,,osm:way:264240294,osm overpass car_repair in Atlanta,2026-09-14
Cobb Parkway Tires,(770) 612-3360,1740 Cobb Parkway South Atlanta,,,,osm:way:264241448,osm overpass car_repair in Atlanta,2026-09-14
AAMCO Transmission,(678) 383-4715,1702 Cobb Parkway South Marietta GA 30060,https://www.aamcomarietta-cobbparkway.com/,,,osm:way:264241451,osm overpass car_repair in Atlanta,2026-09-14
B S Tires,(770) 438-8288,2165 Windy Hill Road Southeast Atlanta,,,,osm:way:264243893,osm overpass car_repair in Atlanta,2026-09-14
Pep Boys,(404) 256-4195,224 Hammond Drive Northeast Sandy Springs 30328,https://www.pepboys.com/,,,osm:way:264250521,osm overpass car_repair in Atlanta,2026-09-14
Ed Voyles Collision Center,(770) 933-5771,2360 Windy Hill Road Southeast Atlanta,https://edvoylescollisioncenter.com/ed-voyles-hyundai-collision-center/,,,osm:way:264847518,osm overpass car_repair in Atlanta,2026-09-14
Pep Boys,(770) 953-1003,2653 Cobb Parkway Smyrna GA 30080,https://www.pepboys.com/stores/ga/smyrna/2653-cobb-pkwy-se,,,osm:way:264851387,osm overpass car_repair in Atlanta,2026-09-14
Cobb Galleria Automotive,(770) 438-1916,2781 Cumberland Boulevard Southeast Smyrna GA 30080,https://cobbgalleriaauto.com/,,,osm:way:264851786,osm overpass car_repair in Atlanta,2026-09-14
Express Oil Change & Tire Engineers,(404) 351-4776,1760 Howell Mill Road Northwest Atlanta GA 30318,https://www.expressoil.com/stores/atlanta/ga/0522/,,,osm:way:269238355,osm overpass car_repair in Atlanta,2026-09-14
DW Campbell of Atlanta Tire and Service Center,(404) 352-0001,1921 Howell Mill Road Northwest Atlanta 30318,https://www.dwctireandservice.com/,,,osm:way:269238368,osm overpass car_repair in Atlanta,2026-09-14
Gerber Collision & Glass,(404) 892-6919,589 Willow Street Northeast Atlanta 30308,https://www.gerbercollision.com/locations/atlanta-midtown-ga,,,osm:way:269998884,osm overpass car_repair in Atlanta,2026-09-14
Firestone,(770) 325-9696,2075 Roswell Road Marietta GA 30062,https://local.firestonecompleteautocare.com/georgia/marietta/2075-roswell-rd/,,,osm:way:277831255,osm overpass car_repair in Atlanta,2026-09-14
Take 5 Oil Change,(770) 615-2804,49 Cobb Parkway North Marietta GA 30062,https://take5.com,,,osm:way:279018671,osm overpass car_repair in Atlanta,2026-09-14
Meggamaxxx,(678) 355-9300,80 Cobb Parkway North Atlanta,https://www.meggamaxx.com/,,,osm:way:279018673,osm overpass car_repair in Atlanta,2026-09-14
Christian Brothers Automotive,(770) 738-8996,2739 Delk Road Southeast Marietta GA 30067,https://www.cbac.com/east-cobb/,,,osm:way:284051610,osm overpass car_repair in Atlanta,2026-09-14
D.W. Campbell Tire & Service,(770) 405-1955,1291 Powers Ferry Road Southeast Atlanta,https://www.dwcampbelltire.com/,,,osm:way:284264738,osm overpass car_repair in Atlanta,2026-09-14
Wilbur's Auto Performance,(770) 422-1691,1139 Sandtown Road Southwest Marietta GA 30008,,,,osm:way:286822522,osm overpass car_repair in Atlanta,2026-09-14
Autocool Atlanta,(770) 433-2665,1680 spring rd se smyrna ga 30080,https://www.autocoolatlanta.com/,,,osm:way:286835234,osm overpass car_repair in Atlanta,2026-09-14
Jiffy Lube Multicare,(770) 953-8298,2550 Delk Road Southeast Marietta GA 30067,https://www.jiffylube.com/locations/ga/marietta/2127,,,osm:way:287205267,osm overpass car_repair in Atlanta,2026-09-14
Franklin Auto Repair,(678) 354-2515,890 Franklin Gateway Southeast Atlanta,,,,osm:way:288252970,osm overpass car_repair in Atlanta,2026-09-14
Anthem Automotive,(404) 793-7503,2163 Piedmont Road Northeast Atlanta GA 30324,www.ANTHEMAUTO.com,,,osm:way:292390582,osm overpass car_repair in Atlanta,2026-09-14
Grease Monkey,(770) 528-6897,1014 Whitlock Avenue Southwest Marietta GA 30064,https://www.greasemonkey.com/locations/ga/marietta/1014-whitlock-avenue,,,osm:way:292470845,osm overpass car_repair in Atlanta,2026-09-14
Pep Boys Auto,(770) 428-5524,1008 Whitlock Avenue Southwest Marietta GA 30064,https://www.pepboys.com/stores/ga/marietta/1008-whitlock-ave,,,osm:way:292470847,osm overpass car_repair in Atlanta,2026-09-14
Take 5 Oil Change,(404) 692-6527,5 Whitlock Place Southwest Marietta GA 30064,take5.com,,,osm:way:292986179,osm overpass car_repair in Atlanta,2026-09-14
Koru Works,(678) 290-8851,436 Roswell Street Southeast Marietta GA 30060,http://www.koruworks.com/,,,osm:way:294277611,osm overpass car_repair in Atlanta,2026-09-14
Viks Auto Care,(770) 575-9721,556 Roswell Street Southeast Marietta GA 30060,https://www.viksautocare.com/,,,osm:way:295295207,osm overpass car_repair in Atlanta,2026-09-14
Massey Automotove,(770) 692-4149,2250 Lower Roswell Road Southeast Atlanta,https://masseyautomotive.com/,,,osm:way:296049654,osm overpass car_repair in Atlanta,2026-09-14
Marietta Tire & Wheel,(770) 437-9339,1170 Milford Church Road Southwest Marietta GA,,,,osm:way:310883273,osm overpass car_repair in Atlanta,2026-09-14
Firestone,(770) 285-7924,5578 Peachtree Industrial Boulevard Chamblee GA 30341,,,,osm:way:325557503,osm overpass car_repair in Atlanta,2026-09-14
Collision Pro Fix,(770) 755-0042,1460 Roswell Road Atlanta,https://www.collisionprofix.com/,,,osm:way:326384012,osm overpass car_repair in Atlanta,2026-09-14
Tommy's Tires,(678) 401-5962,630 Whitlock Avenue Southwest Marietta GA 30064,,,,osm:way:331454815,osm overpass car_repair in Atlanta,2026-09-14
Discount Tire,(678) 505-4109,2717 Spring Road Southeast Smyrna GA 30080,http://stores.discounttire.com/ga/smyrna/gaa-30/,,,osm:way:333326927,osm overpass car_repair in Atlanta,2026-09-14
Central Link Complete Auto Repair,(770) 425-3939,598 Powder Springs Street Southwest Marietta GA 30064,http://www.centrallinkautorepairs.com/,,,osm:way:334743785,osm overpass car_repair in Atlanta,2026-09-14
McCullough NAPA Auto Care,(404) 252-3014,5810 Roswell Road Atlanta GA 30328,https://www.napacarcare.com/,,,osm:way:335026888,osm overpass car_repair in Atlanta,2026-09-14
Jiffy Lube,(770) 594-1988,2965 A Holcomb Bridge Road Alpharetta GA 30022,https://www.jiffylube.com/locations/ga/alpharetta/1060,,,osm:way:352451647,osm overpass car_repair in Atlanta,2026-09-14
Rocco's European Car Garage,(229) 475-1266,2245 Roswell Road Marietta GA 30062,https://roccoseuropeangarage.com/north-marietta/,,,osm:way:427553483,osm overpass car_repair in Atlanta,2026-09-14
Mavis Brakes & Tires,(470) 508-9048,2195 Cobb Parkway South Atlanta,https://www.mavis.com/locations/marietta-cobb-pkwy-ga?stnum=1028,,,osm:way:476736826,osm overpass car_repair in Atlanta,2026-09-14
Jett AutoCare,(678) 273-2504,115 South Fairground Street Southeast Marietta GA 30060,https://www.jettautocare.com/,,,osm:way:674163152,osm overpass car_repair in Atlanta,2026-09-14
Decatur Pro Auto Repair,(770) 908-8223,1604 Lawrenceville Highway Decatur GA 30033,,,,osm:way:901821512,osm overpass car_repair in Atlanta,2026-09-14
Arnold's Automotive,(770) 578-8447,64 Shawnee Trail Southeast Atlanta,https://www.arnoldsautomotiverepair.com/,,,osm:way:932982180,osm overpass car_repair in Atlanta,2026-09-14
Lowery's Auto Quick Fix LLC,(678) 201-7375,1768 Scott Circle Southeast Marietta GA 30067,https://lowerysautoquickfix.com,,,osm:way:933015023,osm overpass car_repair in Atlanta,2026-09-14
Steve's Automotive Center,(770) 973-4678,24 Hamby Road Southeast Atlanta 30067,https://stevesautomotive.net/,,,osm:way:933015050,osm overpass car_repair in Atlanta,2026-09-14
Malone's Automotive,(770) 485-1215,6 Hamby Road Southeast Atlanta,https://www.maloneseuro.com/,,,osm:way:933015051,osm overpass car_repair in Atlanta,2026-09-14
Max Auto Repair,(404) 757-9703,1784 Lower Roswell Road Southeast Atlanta,https://maxautorepairllc.com/,,,osm:way:933015052,osm overpass car_repair in Atlanta,2026-09-14
Professional Automotive Repair,(770) 509-7900,1770 Lower Roswell Road Southeast Atlanta,https://www.professionalautorepair.com/,,,osm:way:933015599,osm overpass car_repair in Atlanta,2026-09-14
Eiffel's Place,(770) 509-8883,1791 Roswell Road Atlanta 30062,http://eiffelsplace.com,,,osm:way:933017039,osm overpass car_repair in Atlanta,2026-09-14
Ray's Tire Center,(404) 361-0980,4328 Jonesboro Road Forest Park GA 30297,,,,osm:way:968836637,osm overpass car_repair in Atlanta,2026-09-14
Apex Auto Solutions,(404) 634-3937,3756 Lawrenceville Highway Tucker GA 30084,,,,osm:way:972518470,osm overpass car_repair in Atlanta,2026-09-14
Bowes Automotive Repair,(770) 794-6044,1941 Canton Road Northeast Atlanta,http://www.boweseuropeanandimport.com/,,,osm:way:982208522,osm overpass car_repair in Atlanta,2026-09-14
Strickland Brothers 10 Minute Oil Change,(770) 485-9513,2063 Roswell Road Atlanta,https://sboilchange.com/locations/706-strickland-brothers-10-minute-oil-change/,,,osm:way:992818537,osm overpass car_repair in Atlanta,2026-09-14
JDS Brazuka Auto,(770) 428-2300,399 Wallace Road Northeast Atlanta,,,,osm:way:992821323,osm overpass car_repair in Atlanta,2026-09-14
Chloes Auto Repair and Tire Kennesaw,(770) 428-8233,6422 Stilesboro Road Kennesaw GA 30152,,,,osm:way:992845570,osm overpass car_repair in Atlanta,2026-09-14
Classic Collision,(678) 391-6480,1680 Old 41 Highway Northwest Atlanta,https://classiccollision.com/locations/classic-collision-kennesaw/,,,osm:way:992846993,osm overpass car_repair in Atlanta,2026-09-14
CS Auto Repair,(770) 424-0282,1713 Canton Road Northeast Atlanta,,,,osm:way:992847660,osm overpass car_repair in Atlanta,2026-09-14
Discount Tire,(470) 689-6985,1206 Ernest W. Barrett Parkway Northwest Kennesaw GA,https://www.discounttire.com/store/ga/kennesaw/s/2225,,,osm:way:993166594,osm overpass car_repair in Atlanta,2026-09-14
Cooper Lake Automotive,(844) 940-0391,4739 South Cobb Drive Smyrna GA 30080,https://cooperlakeautomotive.com/,,,osm:way:1003919063,osm overpass car_repair in Atlanta,2026-09-14
Blue Ridge Automotive,(770) 426-4220,665 Whitlock Avenue Southwest Atlanta,https://blueridgeauto.co/,,,osm:way:1010571299,osm overpass car_repair in Atlanta,2026-09-14
Express Oil Change & Tire Engineers,(770) 801-1555,3535 Austell Road Southwest Marietta GA 30008,https://www.expressoil.com/stores/marietta/ga/0534/,,,osm:way:1010581722,osm overpass car_repair in Atlanta,2026-09-14
Express Oil Change & Tire Engineers,(770) 944-7696,650 Thornton Road Lithia Springs GA 30122,https://www.expressoil.com/stores/lithia-springs/ga/1541/,,,osm:way:1010685776,osm overpass car_repair in Atlanta,2026-09-14
All Pro Transmission Exchange,(770) 434-5579,3470 Lake Drive Southeast Smyrna GA 30082,https://www.allprotransmission.com/,,,osm:way:1022020110,osm overpass car_repair in Atlanta,2026-09-14
Atlanta Pneus Tire Repair,(470) 435-2216,1798 Lower Roswell Road Southeast Atlanta,https://atlantatires.us/,,,osm:way:1174904597,osm overpass car_repair in Atlanta,2026-09-14
Take 5 Oil Change,(240) 650-7726,1305 Powers Ferry Road Southeast Marietta GA 30067,https://www.take5.com/locations/oil-change/georgia/marietta/31081/,,,osm:way:1323449949,osm overpass car_repair in Atlanta,2026-09-14
Valvoline Instant Oil Change,(470) 203-9949,4249 Roswell Road Marietta GA 30062,,,,osm:way:1368179487,osm overpass car_repair in Atlanta,2026-09-14
Butler Tire & Wheels,(770) 973-8622,106 Powers Ferry Road Southeast Marietta GA 30067,https://www.butlertire.com/contact/marietta,,,osm:way:1473501742,osm overpass car_repair in Atlanta,2026-09-14
Car Spa,(770) 407-7876,2330 Cobb Parkway South Marietta GA 30067,https://carspa.net/locations/marietta-ga-car-wash/,,,osm:way:1482007026,osm overpass car_repair in Atlanta,2026-09-14
Atlanta Autoplex,(770) 428-1784,66 North Fairground Street Northeast Atlanta,,,,osm:way:1557487995,osm overpass car_repair in Atlanta,2026-09-14
